,worldTime,playerPostionY,playerPostionX,playerPostionZ,playerHealth,playerFoodLevel,playerSaturation,playerXpLevel,playerDimension,playerSlotSelected,stat.pickup.minecraft.wooden_slab,stat.leaveGame,stat.mineBlock.thaumcraft.ore_quartz,stat.craftItem.blockcraftery.editable_door,stat.pickup.minecraft.porkchop,stat.craftItem.architecturecraft.sawbench,stat.pickup.minecraft.rotten_flesh,stat.craftItem.bibliocraft.bookcase,stat.pickup.dynamictreestc.greatwoodseed,stat.craftItem.minecraft.stone_axe,stat.pickup.bibliocraft.bookcase,stat.mineBlock.minecraft.wooden_slab,stat.useItem.adchimneys.cobblestone,stat.pickup.chisel.cobblestone1,stat.craftItem.minecraft.stone_sword,stat.pickup.additional_lights.fire_for_standing_torch_s,stat.craftItem.realistictorches.matchbox,stat.pickup.architecturecraft.sawbench,stat.craftItem.minecraft.wooden_pickaxe,stat.pickup.dynamictrees.darkoakseed,stat.craftItem.minecraft.bed,stat.mineBlock.architecturecraft.sawbench,stat.pickup.additional_lights.standing_torch_s_cobblestone,stat.mineBlock.chisel.marble2,stat.furnaceInteraction,stat.killEntity.ZombieVillager,stat.pickup.realistictorches.torch_unlit,stat.craftItem.realistictorches.torch_lit,stat.pickup.minecraft.beef,stat.pickup.minecraft.furnace,stat.useItem.dynamictreestc.greatwoodseed,stat.pickup.thaumcraft.crystal_essence,stat.useItem.blockcraftery.editable_door,stat.pickup.dynamictrees.oakseed,stat.craftItem.cathedral.cathedral_pillar_various,stat.deaths,stat.playOneMinute,stat.pickup.chisel.marble2,stat.mineBlock.minecraft.tallgrass,stat.chestOpened,stat.useItem.minecraft.stone,stat.pickup.minecraft.arrow,stat.craftItem.minecraft.coal,stat.fallOneCm,stat.crouchOneCm,stat.mineBlock.minecraft.chest,stat.craftItem.minecraft.chest,stat.craftItem.minecraft.iron_ingot,stat.craftingTableInteraction,stat.pickup.minecraft.feather,stat.useItem.minecraft.reeds,stat.mineBlock.architecturecraft.shape,stat.pickup.minecraft.planks,stat.pickup.chisel.limestone2,stat.pickup.minecraft.wheat_seeds,stat.pickup.chisel.cobblestone,stat.useItem.minecraft.stone_pickaxe,stat.useItem.minecraft.stone_sword,stat.craftItem.minecraft.iron_leggings,stat.mineBlock.minecraft.dirt,stat.pickup.minecraft.crafting_table,stat.useItem.minecraft.cobblestone,stat.craftItem.minecraft.crafting_table,stat.craftItem.blockcraftery.editable_stairs,stat.mineBlock.thaumcraft.crystal_aer,stat.useItem.dynamictrees.oakseed,stat.pickup.minecraft.log,stat.craftItem.realistictorches.torch_unlit,stat.mineBlock.thaumcraft.crystal_terra,stat.pickup.minecraft.chicken,stat.craftItem.chisel.chisel_iron,stat.craftItem.additional_lights.standing_torch_s_cobblestone,stat.craftItem.minecraft.planks,stat.mineBlock.thaumcraft.crystal_ordo,stat.pickup.cathedral.cathedral_pillar_various,stat.craftItem.minecraft.cooked_chicken,stat.craftItem.minecraft.paper,stat.pickup.minecraft.red_flower,stat.sneakTime,stat.pickup.minecraft.wool,stat.pickup.minecraft.yellow_flower,stat.pickup.bewitchment.hellebore_seeds,stat.pickup.thaumcraft.log_greatwood,stat.pickup.minecraft.chest,stat.pickup.minecraft.bone,stat.craftItem.storagedrawers.basicdrawers,stat.mineBlock.minecraft.cobblestone,stat.mineBlock.minecraft.yellow_flower,stat.swimOneCm,stat.mineBlock.chisel.cobblestone1,stat.mineBlock.adchimneys.cobblestone,stat.craftItem.architecturecraft.sawblade,stat.useItem.minecraft.dirt,stat.useItem.minecraft.stone_slab2,stat.mineBlock.additional_lights.fire_for_standing_torch_s,stat.mineBlock.chisel.cobblestone,stat.craftItem.minecraft.furnace,stat.craftItem.minecraft.stone_pickaxe,stat.craftItem.minecraft.cooked_beef,stat.pickup.minecraft.cobblestone,stat.mineBlock.chisel.limestone2,stat.flyOneCm,stat.useItem.chisel.cobblestone,stat.pickup.bewitchment.aconitum_seeds,stat.pickup.bewitchment.mandrake_seeds,stat.craftItem.minecraft.wooden_slab,stat.useItem.minecraft.cooked_beef,stat.pickup.architecturecraft.shape,stat.mineBlock.minecraft.iron_ore,stat.timeSinceDeath,stat.useItem.minecraft.wooden_slab,stat.mineBlock.cathedral.cathedral_pillar_various,stat.craftItem.adchimneys.cobblestone,stat.useItem.minecraft.cooked_porkchop,stat.mineBlock.minecraft.coal_ore,stat.pickup.minecraft.string,stat.craftItem.minecraft.stone_slab2,stat.useItem.realistictorches.torch_lit,stat.useItem.architecturecraft.shape,stat.useItem.minecraft.written_book,stat.mineBlock.realistictorches.torch_unlit,stat.sprintOneCm,stat.craftItem.minecraft.stick,stat.craftItem.minecraft.stone,stat.mineBlock.minecraft.crafting_table,stat.craftItem.minecraft.wooden_pressure_plate,stat.useItem.additional_lights.standing_torch_s_cobblestone,stat.killEntity.Zombie,stat.craftItem.thaumcraft.nugget,stat.diveOneCm,stat.craftItem.minecraft.cooked_porkchop,stat.pickup.blockcraftery.editable_door,stat.useItem.storagedrawers.basicdrawers,stat.jump,stat.pickup.minecraft.coal,stat.useItem.minecraft.stone_axe,stat.pickup.minecraft.spider_eye,stat.pickup.minecraft.dirt,stat.craftItem.minecraft.iron_helmet,stat.mineBlock.realistictorches.torch_lit,stat.useItem.minecraft.cooked_chicken,stat.pickup.minecraft.iron_ore,stat.useItem.blockcraftery.editable_stairs,stat.damageTaken,stat.pickup.minecraft.leather,stat.pickup.bewitchment.ravens_feather,stat.mineBlock.minecraft.furnace,stat.mineBlock.minecraft.red_flower,stat.useItem.minecraft.wooden_pickaxe,stat.mineBlock.additional_lights.standing_torch_s_cobblestone,stat.pickup.minecraft.log2,stat.pickup.minecraft.reeds,tombstone:undead_killed,stat.pickup.bewitchment.wormwood_seeds,stat.pickup.bewitchment.belladonna_seeds,stat.damageDealt,stat.sleepInBed,stat.killEntity.Cow,stat.killEntity.Pig,stat.pickup.bewitchment.oak_apple_gall,stat.useItem.cathedral.cathedral_pillar_various,stat.walkOneCm,stat.pickup.minecraft.stick,stat.craftItem.blockcraftery.editable_block,stat.useItem.tombstone.gift,stat.pickup.minecraft.stone,stat.mineBlock.bibliocraft.bookcase,stat.mineBlock.thaumcraft.crystal_ignis,stat.killEntity.Skeleton,stat.craftItem.architecturecraft.largepulley,stat.killEntity.Chicken,stat.pickup.adchimneys.cobblestone,stat.killEntity.Spider,stat.mobKills,stat.craftItem.minecraft.shears,stat.pickup.minecraft.quartz,stat.pickup.bewitchment.garlic_seeds,stat.useItem.chisel.cobblestone1,stat.mineBlock.minecraft.stone,stat.mineBlock.realistictorches.torch_smoldering,stat.mineBlock.minecraft.double_plant,stat.craftItem.minecraft.stone_shovel,stat.useItem.minecraft.water_bucket,stat.craftItem.minecraft.bucket,stat.pickup.minecraft.glowstone_dust,stat.pickup.minecraft.brown_mushroom,stat.killEntity.Witch,stat.pickup.minecraft.glass_bottle,stat.killEntity.Creeper,stat.pickup.minecraft.gravel,stat.pickup.minecraft.gunpowder,stat.craftItem.minecraft.iron_pickaxe,stat.craftItem.minecraft.iron_sword,stat.useItem.minecraft.iron_pickaxe,stat.pickup.minecraft.redstone,stat.mineBlock.minecraft.redstone_ore,stat.mineBlock.minecraft.gravel,stat.useItem.minecraft.stone_shovel,stat.pickup.minecraft.flint,stat.craftItem.minecraft.book,stat.craftItem.thaumcraft.salis_mundus,stat.craftItem.minecraft.bowl,stat.craftItem.minecraft.bookshelf,stat.pickup.thaumcraft.thaumonomicon,stat.craftItem.thaumcraft.table_wood,stat.mineBlock.bewitchment.silver_ore,stat.pickup.bewitchment.silver_ore,stat.useItem.minecraft.iron_sword,stat.craftItem.bewitchment.silver_ingot,stat.killEntity.Bat,stat.pickup.bewitchment.salt,stat.mineBlock.bewitchment.salt_ore,stat.craftItem.additional_lights.fire_pit_l_cobblestone,stat.drop.minecraft.brown_mushroom,stat.drop,stat.useItem.additional_lights.fire_pit_l_cobblestone,stat.craftItem.minecraft.iron_nugget,stat.craftItem.bewitchment.witches_cauldron,stat.pickup.tombstone.familiar_stone,stat.pickup.bewitchment.tongue_of_dog,stat.killEntity.bewitchment.black_dog,stat.craftItem.minecraft.flint_and_steel,stat.useItem.minecraft.planks,stat.pickup.tombstone.magic_scroll,stat.pickup.bewitchment.witches_cauldron,stat.mineBlock.bewitchment.witches_cauldron,stat.drop.bewitchment.oak_apple_gall,stat.useItem.minecraft.flint_and_steel,stat.drop.minecraft.iron_nugget,stat.pickup.minecraft.dye,stat.killEntity.Squid,stat.pickup.minecraft.sand,stat.mineBlock.minecraft.sand,stat.craftItem.thaumcraft.scribing_tools,stat.mineBlock.minecraft.clay,stat.useItem.tombstone.magic_scroll,stat.craftItem.thaumcraft.phial,stat.craftItem.minecraft.glass,stat.pickup.minecraft.clay_ball,stat.mineBlock.thaumcraft.arcane_workbench,stat.pickup.thaumcraft.arcane_workbench,stat.killEntity.BrainyZombie,stat.craftItem.minecraft.iron_boots,stat.craftItem.minecraft.iron_chestplate,stat.pickup.tombstone.crafting_ingredient,stat.pickup.thaumcraft.nugget,stat.pickup.chisel.basalt2,stat.mineBlock.chisel.basalt2,stat.mineBlock.thaumcraft.ore_cinnabar,stat.pickup.thaumcraft.ore_cinnabar,stat.killEntity.bewitchment.raven,stat.killEntity.Enderman,stat.pickup.minecraft.ender_pearl,stat.pickup.minecraft.bed,stat.useItem.chisel.cobblestone2,stat.pickup.additional_lights.fire_for_fire_pit_l,stat.mineBlock.additional_lights.fire_for_fire_pit_l,stat.pickup.bewitchment.elderberries,stat.useItem.bewitchment.elderberries,stat.pickup.bewitchment.elder_wood,stat.mineBlock.thaumcraft.crystal_aqua,stat.useItem.minecraft.lava_bucket,stat.drop.minecraft.stone_axe,stat.mineBlock.mo.potassium_stone_block,stat.pickup.mo.potassium_stone_block,stat.mineBlock.minecraft.gold_ore,stat.pickup.minecraft.gold_ore,stat.craftItem.minecraft.gold_ingot
0,184825,66,-26,92,20,20,10,4,0,4,1,2,1,3,10,1,3,1,4,1,1,1,23,1,1,4,1,1,1,4,1,1,7,4,50,2,5,56,6,2,3,30,1,101,28,1,184809,5,131,43,4,2,72,2249,1150,1,16,23,50,4,73,3,3,2,6,3,397,51,1,64,3,26,1,8,1,41,216,52,1,4,1,6,356,2,3,4,3,1,446,8,2,3,41,1,7,14,3,3,8152,1,4,1,3,50,4,3,2,4,6,299,2,6066,13,3,1,96,1,3,23,54277,85,3,28,1,31,2,0,24,21,2,1,2061,40,64,3,1,9,3,9,1218,10,1,8,894,31,34,1,63,1,4,4,23,6,1411,3,4,2,1,22,7,19,87,9,1,3,2238,4,3,4,336,20,1431368,100,44,1,32,1,5,4,1,4,4,1,21,1,1,2,13,320,,,,,,,,,,,,,,,,,,,,,,,,,,,,,,,,,,,,,,,,,,,,,,,,,,,,,,,,,,,,,,,,,,,,,,,,,,,,,,,,,,,,,,,,,
0,186272,25,-30,87,20,20,10,5,0,1,1,2,1,3,10,1,3,1,4,1,1,1,23,1,1,4,1,1,1,4,1,1,7,4,50,2,5,56,6,2,3,30,1,101,28,1,186256,5,131,45,4,2,72,2249,1150,1,16,23,50,4,73,3,3,2,6,3,419,51,1,64,3,26,1,8,1,41,216,52,1,4,1,6,356,2,3,4,3,1,446,8,2,3,41,1,7,14,3,3,8152,1,4,1,3,50,4,3,2,4,6,310,2,6066,13,3,1,96,1,3,23,55724,85,3,28,1,33,2,0,24,21,2,1,2061,40,64,3,1,9,3,9,1218,10,1,8,895,33,34,1,63,1,4,4,23,6,1411,3,4,2,1,22,7,19,87,9,1,3,2238,4,3,4,336,20,1438672,100,44,1,38,1,5,4,1,4,4,1,21,1,1,2,13,340,,,,,,,,,,,,,,,,,,,,,,,,,,,,,,,,,,,,,,,,,,,,,,,,,,,,,,,,,,,,,,,,,,,,,,,,,,,,,,,,,,,,,,,,,
0,189971,66,-28,93,20,20,9,5,0,5,1,2,1,3,10,1,3,1,4,1,1,1,23,1,1,4,1,1,1,4,1,1,7,4,50,2,8,56,6,2,3,30,1,101,28,1,189955,5,131,46,4,2,72,2249,1150,1,16,23,50,4,73,3,3,2,6,3,493,51,1,64,3,26,1,8,1,41,216,52,1,4,1,6,356,2,3,4,3,1,446,8,2,3,41,1,7,14,3,3,8152,1,4,1,3,50,4,3,2,4,6,368,2,6066,13,3,1,96,1,3,23,59423,85,3,28,1,33,2,0,24,21,2,2,2061,40,64,3,1,9,3,9,1218,10,1,8,971,33,34,1,63,1,4,4,23,6,1411,3,4,2,1,22,7,19,87,9,1,3,2238,4,3,4,336,20,1451490,100,44,1,54,1,5,4,1,4,4,1,21,1,1,2,13,411,2.0,,,,,,,,,,,,,,,,,,,,,,,,,,,,,,,,,,,,,,,,,,,,,,,,,,,,,,,,,,,,,,,,,,,,,,,,,,,,,,,,,,,,,,,,
0,194471,66,-28,94,20,20,9,5,0,5,1,2,1,3,10,1,3,1,4,1,1,1,23,1,1,4,1,1,1,4,1,1,7,4,53,2,8,56,6,2,3,48,1,101,28,1,194455,5,131,48,4,2,72,2249,1150,1,16,23,50,4,73,3,3,2,6,3,497,51,1,74,3,26,1,8,6,41,216,52,1,4,1,6,364,2,3,4,3,1,446,8,2,3,41,1,7,14,3,3,8152,1,4,1,3,50,4,3,2,4,6,369,2,6118,13,3,1,96,1,3,26,63923,85,3,28,1,33,2,0,27,21,2,2,2061,40,64,3,1,9,3,9,1218,10,1,8,1000,33,34,1,73,1,4,4,26,6,1411,3,4,2,1,22,7,19,87,9,1,3,2238,5,3,4,336,20,1481390,100,44,1,54,1,5,4,1,4,4,1,21,1,1,2,13,412,2.0,,,,,,,,,,,,,,,,,,,,,,,,,,,,,,,,,,,,,,,,,,,,,,,,,,,,,,,,,,,,,,,,,,,,,,,,,,,,,,,,,,,,,,,,
0,198971,64,-10,107,20,20,8,5,0,4,1,2,1,3,10,1,3,1,4,1,1,1,23,1,1,4,1,1,1,4,1,1,7,4,54,2,8,56,6,2,3,48,1,101,28,1,198955,5,181,48,4,2,72,2518,1150,1,16,26,51,4,73,3,3,2,8,3,497,51,1,103,3,26,1,8,6,41,216,52,1,4,1,6,364,2,3,4,3,3,446,8,2,3,41,1,7,14,3,3,8152,1,4,1,4,50,4,3,2,4,6,369,2,6144,13,3,3,96,1,3,26,68423,85,3,28,1,33,2,0,27,21,2,2,2061,40,64,3,1,9,3,9,1218,10,1,8,1026,33,34,1,95,1,4,4,26,6,1411,3,4,2,3,22,7,19,87,9,1,3,2238,5,3,4,336,20,1526578,100,44,1,54,1,5,4,1,4,4,1,21,1,1,3,13,412,2.0,1.0,1.0,,,,,,,,,,,,,,,,,,,,,,,,,,,,,,,,,,,,,,,,,,,,,,,,,,,,,,,,,,,,,,,,,,,,,,,,,,,,,,,,,,,,,,
0,203471,66,-27,98,20,20,8,5,0,0,1,2,1,3,10,1,4,1,4,1,1,1,23,1,1,4,1,1,1,4,1,1,7,4,54,3,8,56,6,2,3,48,1,101,28,1,203455,5,181,48,4,2,72,2518,1480,1,16,26,52,4,73,3,3,2,8,3,497,56,1,124,3,26,1,8,6,41,216,52,1,4,1,6,364,2,3,4,3,3,504,8,2,3,41,1,7,14,3,3,8437,1,4,1,11,50,4,3,2,4,6,369,2,6196,13,3,3,96,1,3,26,72923,85,3,28,1,33,2,0,28,21,2,2,2384,40,64,3,1,9,3,9,1218,10,1,8,1068,33,34,1,123,1,4,4,26,6,1411,3,4,2,3,22,7,19,87,10,1,3,2437,6,3,4,336,20,1567486,100,44,1,54,1,5,4,1,4,4,1,22,1,1,3,13,412,2.0,1.0,1.0,22.0,1.0,,,,,,,,,,,,,,,,,,,,,,,,,,,,,,,,,,,,,,,,,,,,,,,,,,,,,,,,,,,,,,,,,,,,,,,,,,,,,,,,,,,,
0,207971,64,-14,91,20,20,7,5,0,5,1,2,1,3,10,1,4,1,4,1,1,1,23,1,1,4,1,1,1,4,1,1,7,4,54,3,8,56,6,2,3,48,1,101,28,1,207955,5,185,48,4,2,72,2518,1480,1,16,26,52,4,83,3,3,2,8,3,501,56,1,124,3,26,1,8,6,41,216,52,1,4,1,6,364,2,3,4,3,3,504,8,2,3,41,1,7,14,3,3,10046,1,4,1,15,50,4,3,2,4,6,373,2,6196,13,3,3,96,1,3,26,77423,85,3,28,1,33,2,0,28,21,2,2,2384,40,64,3,1,9,3,9,1218,10,1,8,1121,33,34,1,123,1,4,4,26,6,1411,3,4,2,3,22,7,19,218,10,2,3,2437,6,3,4,336,20,1613785,100,44,1,54,1,5,4,1,4,4,1,22,1,1,3,13,416,2.0,1.0,1.0,40.0,1.0,,,,,,,,,,,,,,,,,,,,,,,,,,,,,,,,,,,,,,,,,,,,,,,,,,,,,,,,,,,,,,,,,,,,,,,,,,,,,,,,,,,,
0,212471,66,-31,95,20,20,7,5,0,5,1,2,1,3,10,1,4,1,4,1,1,1,23,1,1,4,1,1,1,4,1,1,7,4,54,3,8,60,6,2,3,48,1,101,28,1,212455,5,185,53,4,2,72,2518,1480,1,19,26,55,4,144,3,3,2,8,3,501,56,1,124,3,26,1,8,6,41,216,52,1,4,1,6,412,2,3,4,3,3,504,8,2,3,41,1,7,17,3,3,10122,1,4,1,15,54,4,3,2,4,6,373,2,6222,13,3,3,96,1,3,26,81923,85,3,28,1,33,2,0,28,21,2,2,2384,40,64,3,1,9,3,9,1218,10,1,8,1137,33,34,1,123,1,4,4,26,6,1411,3,4,2,3,22,7,19,218,10,2,3,2437,6,3,4,336,20,1642159,100,44,1,54,1,5,4,1,4,4,1,22,1,1,3,13,416,2.0,1.0,1.0,40.0,1.0,,,,,,,,,,,,,,,,,,,,,,,,,,,,,,,,,,,,,,,,,,,,,,,,,,,,,,,,,,,,,,,,,,,,,,,,,,,,,,,,,,,,
0,216971,49,-12,72,20,20,10,6,0,1,3,2,2,3,10,1,6,1,4,1,1,1,23,1,1,4,1,1,1,4,1,1,7,4,54,3,14,60,6,2,3,48,1,101,28,1,216955,5,185,54,4,2,72,2518,1480,1,19,26,55,4,144,3,3,2,8,3,504,78,1,124,3,26,1,8,6,41,216,52,1,4,1,6,412,2,3,4,3,3,504,8,2,3,41,1,7,17,3,3,10122,1,4,1,16,55,4,3,2,4,6,373,2,6296,13,3,3,96,5,3,27,86423,86,3,28,1,33,2,0,44,21,2,6,2772,40,64,3,1,9,4,9,1218,10,1,8,1173,33,34,3,130,1,4,4,27,6,1794,3,4,2,3,22,7,19,218,11,2,3,3371,6,3,4,336,20,1683812,100,44,1,55,1,5,4,1,4,4,1,25,1,2,3,13,416,2.0,1.0,1.0,40.0,1.0,2.0,1.0,1.0,1.0,1.0,1.0,1.0,,,,,,,,,,,,,,,,,,,,,,,,,,,,,,,,,,,,,,,,,,,,,,,,,,,,,,,,,,,,,,,,,,,,,,,,,,,,,
0,219645,66,-31,96,20,20,10,6,0,5,3,2,2,3,10,1,6,1,4,1,1,1,23,1,1,4,1,1,1,4,1,1,7,4,58,3,14,60,6,2,3,48,1,101,28,1,219629,5,185,59,4,2,72,2518,1480,1,19,26,55,4,144,3,3,2,8,3,510,78,1,124,3,28,1,8,6,41,216,52,1,4,1,6,412,2,3,4,3,3,504,8,2,3,41,1,7,17,3,3,10122,1,4,1,21,58,4,3,2,4,6,376,2,6296,13,3,3,96,5,3,30,89097,86,3,28,1,33,2,0,44,21,2,6,2772,40,64,3,1,9,4,18,1218,10,1,8,1211,33,34,3,130,1,4,4,30,6,1794,3,4,2,3,22,7,19,218,11,2,3,3371,6,3,4,336,20,1698323,100,44,1,55,1,5,4,1,4,4,1,25,1,2,3,13,419,2.0,1.0,1.0,40.0,1.0,2.0,1.0,1.0,1.0,1.0,1.0,1.0,,,,,,,,,,,,,,,,,,,,,,,,,,,,,,,,,,,,,,,,,,,,,,,,,,,,,,,,,,,,,,,,,,,,,,,,,,,,,
0,221471,23,-29,88,20,20,10,6,0,1,3,2,2,3,10,1,6,1,4,1,1,1,23,1,1,4,1,1,1,4,1,1,7,4,59,3,15,60,6,2,3,48,1,101,28,1,221455,5,185,60,4,2,72,2518,1480,1,19,30,56,4,144,3,3,2,8,3,510,78,1,124,3,28,1,8,6,41,216,52,1,4,1,6,412,2,3,4,3,3,504,8,2,3,41,1,7,17,3,3,10122,1,4,1,21,58,4,3,2,4,6,376,2,6322,13,3,3,96,5,3,30,90923,86,3,28,1,33,2,0,44,21,2,7,2772,40,64,3,1,9,4,18,1218,10,1,8,1216,33,34,3,130,1,4,4,30,6,1794,3,4,2,3,22,7,19,218,11,2,3,3371,6,3,4,336,20,1711309,100,44,1,55,1,5,4,1,4,4,1,25,1,2,3,13,419,2.0,1.0,1.0,40.0,1.0,2.0,1.0,1.0,1.0,1.0,1.0,1.0,1.0,1.0,,,,,,,,,,,,,,,,,,,,,,,,,,,,,,,,,,,,,,,,,,,,,,,,,,,,,,,,,,,,,,,,,,,,,,,,,,,
0,225971,66,-26,94,20,20,9,7,0,3,3,2,2,3,10,1,6,1,4,1,1,1,23,1,1,4,1,1,1,4,1,1,7,4,60,3,15,60,6,2,3,48,1,101,28,1,225955,5,185,62,6,2,72,2518,1480,1,19,30,56,4,144,3,3,2,8,3,532,78,1,124,3,28,1,8,6,41,216,52,1,4,1,6,412,2,3,4,3,3,504,8,2,3,41,1,7,17,3,3,10122,1,4,1,21,60,4,3,2,4,6,411,2,6322,13,3,3,96,5,3,41,95423,86,3,28,1,33,2,0,45,21,2,7,2772,40,64,3,1,9,4,18,1218,10,1,8,1311,33,34,3,130,1,4,4,41,6,1794,3,4,2,3,22,7,19,218,11,2,3,3371,6,3,4,336,20,1731314,100,44,1,61,1,5,4,1,4,4,1,25,1,2,3,13,460,2.0,1.0,1.0,40.0,1.0,2.0,1.0,1.0,1.0,1.0,1.0,1.0,1.0,1.0,32.0,13.0,3.0,,,,,,,,,,,,,,,,,,,,,,,,,,,,,,,,,,,,,,,,,,,,,,,,,,,,,,,,,,,,,,,,,,,,,,,,
0,229035,66,-27,93,20,20,9,7,0,2,3,2,2,3,10,1,6,1,4,1,1,1,23,1,1,4,1,1,1,4,1,1,7,4,60,3,16,60,6,2,3,48,1,101,28,1,229019,5,185,66,6,2,72,2518,1480,1,19,30,56,4,144,3,3,2,8,3,532,78,1,124,3,28,1,8,6,41,216,52,1,4,1,6,412,2,3,4,3,3,504,8,2,3,41,1,7,17,3,3,10122,1,4,1,21,93,4,3,2,4,6,411,2,6322,13,3,3,96,5,3,41,98487,86,3,28,1,33,2,0,46,21,3,7,2772,40,64,3,1,9,4,18,1218,10,1,8,1311,33,34,3,130,1,5,4,41,6,1794,3,4,2,3,22,7,19,218,11,2,3,3371,6,3,4,336,20,1742245,100,44,1,61,1,5,4,1,4,4,1,25,1,2,3,13,460,2.0,1.0,1.0,40.0,1.0,2.0,1.0,1.0,1.0,1.0,34.0,1.0,1.0,1.0,32.0,13.0,3.0,33.0,33.0,,,,,,,,,,,,,,,,,,,,,,,,,,,,,,,,,,,,,,,,,,,,,,,,,,,,,,,,,,,,,,,,,,,,,,
0,230471,66,-28,92,20,20,8,7,0,4,3,2,2,3,10,1,6,1,4,1,1,1,23,1,1,4,1,1,1,4,1,1,7,4,60,3,16,60,6,2,3,48,1,101,28,1,230455,5,185,66,6,2,72,2518,1480,1,19,30,56,4,144,3,3,2,8,3,532,78,1,124,3,28,1,8,6,41,216,52,1,4,1,6,412,2,3,4,3,3,504,8,2,3,41,1,7,17,3,3,11668,1,4,1,21,93,4,3,2,4,6,411,2,6348,13,3,3,96,5,3,41,99923,86,3,28,1,33,2,0,46,21,3,7,2772,40,64,3,1,9,4,18,1218,10,1,8,1323,33,34,3,130,1,5,4,41,6,1794,3,4,2,3,22,7,19,218,11,2,3,3371,6,3,4,336,20,1755379,100,44,1,61,1,5,4,1,4,4,1,25,1,2,3,13,460,2.0,1.0,1.0,40.0,1.0,2.0,1.0,1.0,1.0,1.0,46.0,1.0,1.0,1.0,32.0,13.0,3.0,47.0,47.0,2.0,,,,,,,,,,,,,,,,,,,,,,,,,,,,,,,,,,,,,,,,,,,,,,,,,,,,,,,,,,,,,,,,,,,,,
0,234971,66,-27,91,20,20,8,8,0,4,3,2,2,3,10,1,6,1,4,1,1,1,23,1,1,4,1,1,1,4,1,1,7,4,61,3,16,60,6,2,3,48,1,101,28,1,234955,5,185,73,6,2,72,2518,1480,1,19,41,61,4,145,3,3,2,8,3,532,78,1,124,3,28,1,8,6,41,216,52,1,4,1,6,416,2,3,4,57,3,504,8,2,3,41,1,7,17,3,3,11794,1,4,1,21,95,4,3,2,4,6,411,2,6348,13,3,3,96,5,3,41,104423,86,3,28,1,33,2,0,46,21,3,7,2772,40,64,3,1,9,4,18,1218,10,1,8,1340,33,34,3,130,1,5,4,41,6,1794,3,4,2,3,22,7,19,274,11,2,3,3371,6,3,4,336,20,1772585,100,44,1,61,1,5,4,1,4,4,1,25,1,2,3,13,460,2.0,1.0,1.0,40.0,1.0,2.0,1.0,1.0,1.0,1.0,46.0,1.0,1.0,1.0,32.0,13.0,3.0,47.0,47.0,2.0,3.0,1.0,4.0,1.0,1.0,,,,,,,,,,,,,,,,,,,,,,,,,,,,,,,,,,,,,,,,,,,,,,,,,,,,,,,,,,,,,,,,
0,239471,66,-27,92,20,20,8,8,0,3,3,2,2,3,10,1,6,1,4,1,1,1,23,1,1,4,1,1,1,4,1,1,7,4,63,3,17,60,6,2,3,48,1,101,28,1,239455,5,185,76,6,2,72,2518,1480,1,19,41,62,4,145,3,3,2,8,3,532,78,1,124,3,28,1,8,6,41,216,52,1,4,1,6,416,2,3,4,57,3,504,8,2,3,41,1,7,17,3,3,11794,1,4,1,21,95,4,3,2,4,6,412,2,6348,13,3,3,96,5,3,41,108923,86,3,28,1,33,2,0,47,21,3,8,2772,40,64,3,1,9,4,18,1218,10,1,8,1380,33,34,3,130,1,5,4,41,6,1794,3,4,2,3,22,7,19,274,11,2,3,3431,6,3,4,336,20,1789625,100,44,1,61,1,5,4,1,4,4,1,26,1,2,3,13,461,2.0,1.0,1.0,40.0,1.0,2.0,1.0,1.0,1.0,1.0,46.0,1.0,1.0,1.0,41.0,13.0,3.0,47.0,47.0,2.0,3.0,1.0,4.0,1.0,1.0,1.0,3.0,3.0,1.0,3.0,1.0,17.0,4.0,,,,,,,,,,,,,,,,,,,,,,,,,,,,,,,,,,,,,,,,,,,,,,,,,,,,,,,,
0,243354,66,-29,94,20,20,7,8,0,0,3,2,2,3,10,1,6,1,4,1,1,1,23,1,1,4,1,1,1,4,1,1,7,4,64,3,17,60,6,2,3,48,1,101,28,1,243338,5,185,78,6,2,72,2518,1480,1,19,41,63,4,145,5,3,2,8,3,532,78,1,124,3,28,1,8,6,41,216,52,1,4,1,6,416,2,3,4,57,3,504,8,2,3,41,1,7,17,3,3,11794,1,4,1,21,97,4,3,2,4,6,412,2,6374,13,3,3,96,5,5,41,112806,86,3,28,1,33,2,0,48,22,3,8,2772,40,64,3,1,9,4,18,1218,10,1,8,1387,33,34,3,130,1,5,4,41,6,1794,3,4,2,3,22,7,19,274,11,2,3,3431,6,3,4,336,20,1804696,100,44,1,61,1,5,4,1,4,4,1,26,1,2,3,13,461,2.0,1.0,1.0,40.0,1.0,2.0,1.0,1.0,1.0,1.0,46.0,1.0,1.0,1.0,43.0,13.0,3.0,47.0,47.0,2.0,3.0,1.0,4.0,1.0,1.0,1.0,3.0,3.0,1.0,3.0,1.0,17.0,4.0,2.0,1.0,1.0,1.0,,,,,,,,,,,,,,,,,,,,,,,,,,,,,,,,,,,,,,,,,,,,,,,,,,,,
0,245301,66,-28,92,20,20,7,8,0,0,3,2,2,3,10,1,6,1,4,1,1,1,23,1,1,4,1,1,1,4,1,1,7,4,64,3,17,60,6,2,3,48,1,101,28,1,245285,5,185,80,6,2,72,2518,1480,1,19,41,64,4,145,5,3,2,8,3,532,78,1,124,3,28,1,8,6,41,216,52,1,4,1,6,416,2,3,4,57,3,504,8,2,3,41,1,7,17,3,3,11794,1,4,1,21,97,4,3,2,4,6,412,2,6374,13,3,3,96,5,5,41,114753,86,3,28,1,33,2,0,48,22,3,8,2772,40,64,3,1,9,4,18,1218,10,1,8,1387,33,34,3,130,1,5,4,41,6,1794,3,4,2,3,22,7,19,274,11,2,3,3431,6,3,4,336,20,1807889,100,44,1,61,1,5,4,1,4,4,1,26,1,2,3,13,461,2.0,1.0,1.0,40.0,1.0,2.0,1.0,1.0,1.0,1.0,46.0,1.0,1.0,1.0,43.0,13.0,3.0,47.0,47.0,2.0,3.0,1.0,4.0,1.0,1.0,1.0,3.0,3.0,1.0,3.0,1.0,17.0,4.0,2.0,1.0,1.0,1.0,9.0,1.0,,,,,,,,,,,,,,,,,,,,,,,,,,,,,,,,,,,,,,,,,,,,,,,,,,
0,247612,66,-25,94,17,17,0,10,0,0,3,2,2,3,10,1,8,1,4,1,1,1,23,1,1,4,1,1,1,4,1,1,7,4,64,3,17,60,6,2,3,48,1,101,28,1,247596,5,187,80,6,2,72,2727,1480,1,19,41,64,4,145,5,3,2,8,3,532,78,1,124,3,28,1,8,6,41,216,52,1,4,1,6,416,2,3,4,57,3,504,8,2,3,41,1,7,17,3,3,11794,1,4,1,21,97,4,3,2,4,6,412,2,6700,13,3,3,96,5,5,41,117064,86,3,28,1,33,2,0,48,22,3,8,2772,40,64,3,1,9,6,18,1218,10,1,8,1410,33,34,3,130,1,5,4,41,6,1890,3,4,2,3,22,7,19,274,13,2,3,3950,6,3,4,336,20,1832460,100,44,1,61,1,5,4,1,4,4,1,29,1,2,3,13,461,2.0,1.0,1.0,40.0,1.0,2.0,1.0,1.0,1.0,1.0,46.0,1.0,1.0,1.0,43.0,13.0,3.0,47.0,47.0,2.0,3.0,1.0,4.0,1.0,1.0,1.0,3.0,3.0,14.0,3.0,1.0,17.0,4.0,2.0,1.0,1.0,1.0,9.0,1.0,1.0,1.0,1.0,,,,,,,,,,,,,,,,,,,,,,,,,,,,,,,,,,,,,,,,,,,,,,,
0,250023,64,-26,76,20,20,8,10,0,0,3,2,2,3,10,1,8,1,4,1,1,1,23,1,1,4,1,1,1,4,1,1,7,4,64,3,17,60,6,2,3,48,1,101,28,1,250007,5,187,83,6,2,72,2996,1480,1,19,41,64,4,145,5,3,2,9,3,532,78,1,124,3,28,1,8,6,41,216,52,1,4,1,6,416,2,3,4,57,3,504,8,2,3,41,1,7,17,3,3,11794,1,4,1,21,97,4,3,2,4,6,412,2,6726,13,3,3,96,6,5,41,119475,86,3,28,1,33,2,0,48,22,3,8,2772,40,64,3,1,9,6,18,1218,10,1,8,1426,33,34,3,130,1,5,4,41,6,1890,3,4,2,3,22,7,19,274,13,2,3,3950,7,3,4,336,20,1854002,100,44,1,61,1,5,4,1,4,4,1,29,1,2,3,13,461,2.0,1.0,1.0,40.0,1.0,2.0,1.0,1.0,1.0,1.0,46.0,1.0,1.0,1.0,43.0,13.0,3.0,47.0,47.0,2.0,3.0,1.0,4.0,1.0,2.0,1.0,3.0,3.0,14.0,3.0,1.0,17.0,4.0,2.0,1.0,1.0,1.0,9.0,1.0,1.0,1.0,1.0,1.0,,,,,,,,,,,,,,,,,,,,,,,,,,,,,,,,,,,,,,,,,,,,,,
0,252971,64,-18,106,20,20,2,11,0,4,3,2,2,3,10,1,8,1,4,1,1,1,23,1,1,4,1,1,1,4,1,1,7,4,64,3,17,60,6,2,3,48,1,101,28,1,252955,5,187,86,6,5,72,2996,1480,1,19,41,64,4,145,5,3,2,9,3,532,78,1,127,3,28,1,8,6,41,216,52,1,4,1,6,416,2,3,4,57,3,504,8,2,3,41,1,11,17,3,3,11794,1,4,1,22,99,4,3,2,4,6,412,2,7207,13,3,3,96,6,5,41,122423,86,3,28,1,33,2,0,48,22,3,8,3612,40,64,3,1,9,6,18,1218,10,1,8,1444,33,34,3,133,1,5,4,41,6,1922,3,4,2,3,22,7,19,274,14,2,3,4283,7,3,4,336,20,1880870,100,44,1,61,1,5,5,1,4,4,1,33,1,2,3,13,461,2.0,1.0,1.0,41.0,1.0,2.0,1.0,1.0,1.0,2.0,46.0,3.0,1.0,1.0,44.0,13.0,3.0,47.0,47.0,2.0,3.0,1.0,4.0,1.0,2.0,1.0,3.0,3.0,21.0,3.0,1.0,17.0,4.0,2.0,1.0,1.0,1.0,9.0,1.0,1.0,1.0,1.0,1.0,1.0,1.0,1.0,1.0,,,,,,,,,,,,,,,,,,,,,,,,,,,,,,,,,,,,,,,,,,
0,255218,64,-49,186,20,20,11,11,0,0,3,2,2,3,10,1,8,1,4,1,1,1,23,1,1,4,1,1,1,4,1,1,7,4,64,3,17,60,6,2,3,48,1,101,28,1,255202,5,187,86,6,5,72,2996,1480,1,19,41,64,4,145,5,3,2,9,3,532,78,1,127,3,28,1,8,6,41,216,52,1,4,1,6,416,2,3,4,57,3,504,8,2,3,41,1,11,17,3,3,11794,1,4,1,22,99,4,3,2,4,6,412,2,7207,13,3,3,96,6,5,41,124670,86,3,28,2,33,2,0,48,22,3,8,3612,40,64,3,1,9,6,18,1218,10,1,8,1455,33,34,3,133,1,5,4,41,6,1957,3,4,2,3,22,7,19,274,14,2,3,4283,7,3,4,336,20,1895064,100,44,1,61,1,5,5,1,4,4,1,33,1,2,3,13,461,2.0,1.0,1.0,41.0,1.0,2.0,1.0,1.0,1.0,2.0,46.0,3.0,1.0,1.0,44.0,13.0,3.0,47.0,47.0,2.0,3.0,1.0,4.0,1.0,2.0,1.0,3.0,3.0,21.0,3.0,1.0,17.0,4.0,2.0,1.0,4.0,1.0,9.0,1.0,1.0,1.0,1.0,1.0,3.0,1.0,1.0,1.0,2.0,3.0,1.0,,,,,,,,,,,,,,,,,,,,,,,,,,,,,,,,,,,,,,,
0,257471,63,-11,135,20,20,10,11,0,5,3,2,2,3,10,1,8,1,4,1,1,1,23,1,1,4,1,1,1,4,1,1,7,4,64,3,17,60,6,2,3,48,1,101,28,1,257455,5,187,86,6,5,72,2996,1480,1,19,41,64,4,145,5,3,2,9,3,532,78,1,127,3,28,1,8,6,41,216,52,1,4,1,6,416,2,3,4,57,3,504,8,2,3,41,1,11,17,3,3,14467,1,4,1,22,99,4,3,2,4,6,412,2,7233,13,3,3,96,6,5,41,126923,86,3,28,2,33,2,0,48,22,3,8,3837,40,64,3,1,9,6,18,1218,10,1,8,1471,33,34,3,133,1,5,4,41,6,1957,3,4,2,3,22,7,19,274,14,2,3,4483,7,3,4,337,20,1920168,100,44,1,61,1,5,5,1,4,4,1,35,1,2,3,13,461,2.0,1.0,1.0,41.0,1.0,2.0,1.0,1.0,1.0,2.0,46.0,3.0,1.0,1.0,44.0,13.0,3.0,47.0,47.0,2.0,3.0,1.0,4.0,1.0,2.0,1.0,3.0,3.0,25.0,3.0,1.0,17.0,4.0,2.0,1.0,4.0,1.0,9.0,1.0,1.0,1.0,1.0,1.0,3.0,1.0,1.0,1.0,2.0,3.0,1.0,6.0,2.0,,,,,,,,,,,,,,,,,,,,,,,,,,,,,,,,,,,,,
0,259181,66,-31,96,20,20,10,11,0,5,3,2,2,3,10,1,8,1,4,1,1,1,23,1,1,4,1,1,1,4,1,1,7,4,64,3,17,60,6,2,3,48,1,101,28,1,259165,5,187,86,6,5,72,2996,1480,1,19,41,64,4,145,5,3,2,9,3,532,78,1,127,3,28,1,8,6,41,216,52,1,4,1,6,416,2,3,4,57,3,504,8,2,3,41,1,11,17,3,3,15313,1,4,1,22,99,4,3,2,4,6,412,2,7233,13,3,3,96,6,5,41,128633,86,3,28,2,33,2,0,48,22,3,8,3837,40,64,3,1,9,6,18,1218,10,1,8,1487,33,34,3,133,1,5,4,41,6,1957,3,4,2,3,22,7,19,274,14,2,3,4483,7,3,4,338,20,1938018,100,44,1,61,1,5,5,1,4,4,1,35,1,2,3,13,461,2.0,1.0,1.0,41.0,1.0,2.0,1.0,1.0,1.0,2.0,46.0,3.0,1.0,1.0,44.0,13.0,3.0,47.0,47.0,2.0,3.0,1.0,4.0,1.0,2.0,1.0,3.0,3.0,25.0,3.0,1.0,17.0,4.0,2.0,1.0,4.0,1.0,9.0,1.0,1.0,1.0,1.0,1.0,3.0,1.0,1.0,1.0,2.0,3.0,1.0,6.0,2.0,3.0,3.0,,,,,,,,,,,,,,,,,,,,,,,,,,,,,,,,,,,
0,261971,66,-28,91,20,20,10,11,0,4,3,2,2,3,10,1,8,1,4,1,1,1,23,1,1,4,1,1,1,4,1,1,7,4,66,3,17,60,6,2,3,48,1,101,28,1,261955,5,187,89,6,5,72,2996,1480,1,19,41,66,4,145,5,3,2,9,3,532,78,1,127,3,28,1,8,6,41,216,52,1,4,1,6,416,2,3,4,57,3,504,8,2,3,41,1,11,17,3,3,16090,1,4,1,22,99,4,3,2,4,6,412,2,7259,13,3,3,96,6,5,41,131423,86,3,28,2,33,2,0,48,22,3,8,3837,40,64,3,1,9,6,18,1481,10,1,8,1498,33,34,3,133,1,5,4,41,6,1957,3,4,2,3,22,7,19,274,14,2,3,4483,7,3,4,338,20,1960956,100,44,1,61,1,5,5,1,4,4,1,35,1,2,3,13,461,2.0,1.0,1.0,41.0,1.0,2.0,1.0,1.0,1.0,2.0,46.0,3.0,1.0,1.0,44.0,13.0,3.0,47.0,47.0,2.0,3.0,1.0,4.0,1.0,2.0,1.0,3.0,3.0,25.0,3.0,1.0,17.0,4.0,2.0,1.0,4.0,1.0,9.0,1.0,1.0,1.0,1.0,1.0,3.0,1.0,1.0,1.0,2.0,3.0,1.0,6.0,2.0,3.0,3.0,1.0,1.0,2.0,8.0,3.0,4.0,,,,,,,,,,,,,,,,,,,,,,,,,,,,,
0,263613,66,-32,93,20,20,10,11,0,4,3,2,2,3,10,1,8,1,4,1,1,1,23,1,1,4,1,1,1,4,1,1,7,4,66,3,17,60,6,2,3,48,1,101,28,1,263597,5,187,89,6,5,72,2996,1480,1,19,41,66,4,145,5,3,2,9,3,532,78,1,127,3,28,1,8,6,41,216,52,1,4,1,6,416,2,3,4,57,3,504,8,2,3,41,1,11,17,3,3,16090,1,4,1,22,100,4,3,2,4,6,412,2,7259,13,3,3,96,6,5,41,133065,86,3,28,2,33,2,0,48,22,3,8,3837,40,64,3,1,9,6,18,1481,10,1,8,1498,33,34,3,133,1,5,4,41,6,1957,3,4,2,3,22,7,19,274,14,2,3,4483,7,3,4,338,20,1961443,100,44,1,61,1,5,5,1,4,4,1,35,1,2,3,13,461,2.0,1.0,1.0,41.0,1.0,2.0,1.0,1.0,1.0,2.0,46.0,3.0,1.0,1.0,44.0,13.0,3.0,47.0,47.0,2.0,3.0,1.0,4.0,1.0,2.0,1.0,3.0,3.0,25.0,3.0,1.0,17.0,4.0,2.0,1.0,4.0,1.0,9.0,1.0,1.0,1.0,1.0,1.0,3.0,1.0,1.0,1.0,2.0,3.0,1.0,6.0,2.0,3.0,3.0,1.0,1.0,2.0,8.0,3.0,4.0,,,,,,,,,,,,,,,,,,,,,,,,,,,,,
0,266471,66,-30,92,20,20,10,11,0,4,3,2,2,3,10,1,8,1,4,1,1,1,23,1,1,4,1,1,1,4,1,1,7,4,67,3,17,60,6,2,3,48,1,101,28,1,266455,5,187,91,6,5,72,2996,1480,1,20,41,67,4,145,5,3,2,9,3,532,78,1,127,3,28,1,8,6,41,216,52,1,4,1,6,416,2,3,4,57,3,504,8,2,3,41,1,11,17,3,3,16090,1,4,1,22,101,4,3,2,4,6,416,2,7259,13,3,3,96,6,5,41,135923,86,3,28,2,33,2,0,48,22,3,8,3837,40,64,3,1,9,6,18,1481,10,1,8,1504,33,34,3,133,1,5,4,41,6,1957,3,4,2,3,22,7,19,274,14,2,3,4483,8,3,4,338,20,1978402,100,44,1,61,1,5,5,1,4,4,1,35,1,2,3,13,465,2.0,1.0,1.0,41.0,1.0,2.0,1.0,1.0,1.0,2.0,46.0,3.0,1.0,1.0,48.0,13.0,3.0,47.0,47.0,2.0,3.0,1.0,4.0,1.0,2.0,1.0,3.0,3.0,25.0,3.0,1.0,17.0,4.0,2.0,1.0,4.0,1.0,9.0,1.0,1.0,1.0,1.0,1.0,3.0,1.0,1.0,1.0,2.0,3.0,1.0,6.0,2.0,3.0,3.0,1.0,1.0,2.0,8.0,3.0,4.0,,,,,,,,,,,,,,,,,,,,,,,,,,,,,
0,269374,66,-31,93,20,20,10,11,0,3,3,2,2,3,10,1,8,1,4,1,1,1,23,1,1,4,1,1,1,4,1,1,7,4,68,3,17,60,6,2,3,48,1,101,28,1,269387,5,187,97,6,5,72,2996,1480,1,20,41,69,4,145,5,3,2,9,3,532,78,1,127,3,28,2,8,6,41,216,52,1,4,1,6,420,2,3,4,57,3,504,8,2,3,41,1,11,17,3,3,16090,1,4,1,22,104,4,3,2,4,6,416,2,7285,13,3,3,96,6,5,41,138855,86,3,28,2,33,2,0,48,22,3,8,3837,40,64,3,1,9,6,18,1481,10,1,8,1507,33,34,3,133,1,5,4,41,6,1957,3,4,2,3,22,7,19,274,14,2,3,4483,8,3,4,338,20,1989671,100,44,1,61,1,5,5,1,4,4,1,35,1,2,3,13,465,2.0,1.0,1.0,41.0,1.0,2.0,1.0,1.0,1.0,2.0,46.0,3.0,1.0,1.0,48.0,13.0,3.0,47.0,47.0,2.0,3.0,2.0,4.0,1.0,2.0,1.0,3.0,3.0,25.0,3.0,1.0,17.0,4.0,2.0,1.0,4.0,1.0,9.0,1.0,1.0,1.0,1.0,1.0,3.0,1.0,1.0,1.0,2.0,3.0,1.0,6.0,2.0,3.0,3.0,1.0,1.0,2.0,8.0,3.0,4.0,1.0,1.0,,,,,,,,,,,,,,,,,,,,,,,,,,,
0,270870,66,-32,91,20,20,10,11,0,3,3,2,2,3,10,1,8,1,4,1,1,1,23,1,1,4,1,1,1,4,1,1,7,4,68,3,17,64,6,2,3,48,1,101,28,1,270854,5,187,97,6,5,72,2996,1480,1,20,41,69,4,145,5,3,2,9,3,532,78,1,127,3,28,2,8,6,41,216,52,1,4,1,6,420,2,3,4,57,3,504,8,2,3,41,1,11,17,3,3,16090,1,4,1,22,104,4,3,2,4,6,416,2,7285,13,3,3,96,6,5,41,140322,86,3,28,2,33,2,0,48,22,3,8,3837,40,64,3,1,9,6,18,1481,10,1,8,1507,33,34,3,133,1,5,4,41,6,1957,3,4,2,3,22,7,19,274,14,2,3,4483,8,3,4,338,20,2007069,100,44,1,61,1,5,5,1,4,4,1,35,1,2,3,13,465,2.0,1.0,1.0,41.0,1.0,2.0,1.0,1.0,1.0,2.0,46.0,3.0,1.0,1.0,48.0,13.0,3.0,47.0,47.0,2.0,3.0,2.0,4.0,1.0,2.0,1.0,3.0,3.0,25.0,3.0,1.0,17.0,4.0,2.0,1.0,4.0,1.0,9.0,1.0,1.0,1.0,1.0,1.0,3.0,1.0,1.0,1.0,2.0,3.0,1.0,6.0,2.0,3.0,3.0,1.0,1.0,2.0,8.0,3.0,4.0,1.0,1.0,,,,,,,,,,,,,,,,,,,,,,,,,,,
0,272771,68,-19,94,20,20,10,11,0,1,3,2,2,3,10,1,8,1,4,1,1,1,23,1,1,4,1,1,1,4,1,1,7,4,68,3,17,64,6,2,3,48,1,101,28,1,272755,5,187,97,6,5,72,2996,1480,1,20,41,69,4,145,5,3,2,9,3,532,78,1,127,3,28,2,8,6,41,216,52,1,4,1,6,420,2,3,4,57,3,504,8,2,3,41,1,11,17,3,3,16090,1,4,1,22,104,4,3,2,4,6,421,2,7285,13,3,3,96,6,5,41,142223,86,3,28,2,33,2,0,48,22,3,8,3837,40,64,3,1,9,6,18,1481,10,1,8,1511,33,34,3,133,1,5,4,41,6,1957,3,4,2,3,22,7,19,274,14,2,3,4483,8,3,4,338,20,2026313,100,44,1,61,1,5,5,1,4,4,1,35,1,2,3,13,471,2.0,1.0,1.0,41.0,1.0,2.0,1.0,1.0,1.0,2.0,46.0,3.0,1.0,1.0,58.0,13.0,3.0,47.0,47.0,2.0,3.0,2.0,4.0,1.0,2.0,1.0,7.0,5.0,25.0,3.0,1.0,17.0,4.0,2.0,1.0,4.0,1.0,9.0,1.0,1.0,1.0,1.0,1.0,3.0,1.0,1.0,1.0,2.0,3.0,1.0,6.0,2.0,3.0,3.0,1.0,1.0,2.0,8.0,3.0,4.0,1.0,1.0,,,,,,,,,,,,,,,,,,,,,,,,,,,
0,274571,68,-17,97,20,20,10,11,0,4,3,2,2,3,10,1,8,1,4,1,1,1,23,1,1,4,1,1,1,4,1,1,7,4,68,3,17,64,6,2,3,48,1,101,28,1,274555,5,187,97,6,5,72,2996,1480,1,20,41,70,4,145,5,3,2,9,3,546,78,1,128,3,28,2,8,6,41,216,52,1,4,1,6,420,2,3,4,57,3,504,8,2,3,41,1,11,17,9,3,16090,1,4,1,22,104,4,3,2,5,6,438,2,7285,13,3,3,96,6,5,41,144023,86,3,28,2,33,2,0,48,22,3,8,3906,40,64,3,1,9,6,18,1481,10,1,8,1518,33,34,3,134,1,5,4,41,6,1957,3,4,2,3,22,7,19,274,14,2,3,4483,8,3,4,338,20,2042177,100,44,1,61,1,5,5,1,4,4,1,35,1,2,3,13,483,2.0,1.0,1.0,41.0,1.0,2.0,1.0,1.0,1.0,2.0,46.0,3.0,1.0,1.0,62.0,13.0,3.0,47.0,47.0,2.0,3.0,2.0,4.0,1.0,2.0,1.0,7.0,7.0,25.0,3.0,1.0,17.0,4.0,2.0,1.0,4.0,1.0,9.0,1.0,1.0,1.0,1.0,1.0,3.0,1.0,1.0,1.0,2.0,3.0,1.0,6.0,2.0,3.0,3.0,1.0,1.0,2.0,8.0,3.0,4.0,1.0,1.0,,,,,,,,,,,,,,,,,,,,,,,,,,,
0,276371,66,-29,91,20,20,10,11,0,6,3,2,2,3,10,1,8,1,4,1,1,1,23,1,1,4,1,1,1,4,1,1,7,4,71,3,17,64,6,2,3,48,1,101,28,1,276355,5,187,100,6,5,73,2996,1480,1,20,41,71,4,145,5,3,2,9,3,546,78,1,129,3,28,2,8,6,41,216,52,1,4,1,6,420,2,3,4,57,3,515,8,2,3,41,1,11,17,9,3,16090,1,4,1,22,105,4,3,2,5,6,438,2,7285,13,3,3,96,6,5,41,145823,86,3,28,2,33,2,0,48,22,3,8,3906,40,64,3,1,9,6,18,1481,10,1,8,1518,33,34,3,135,1,5,4,41,6,1957,3,4,2,3,22,7,19,274,14,2,3,4483,8,3,4,338,20,2051937,100,44,1,61,1,5,5,1,4,4,1,35,1,2,3,13,483,2.0,1.0,1.0,41.0,1.0,2.0,1.0,1.0,1.0,2.0,46.0,3.0,1.0,1.0,62.0,13.0,3.0,47.0,47.0,2.0,3.0,2.0,4.0,1.0,2.0,1.0,7.0,7.0,25.0,3.0,1.0,17.0,4.0,2.0,1.0,4.0,1.0,9.0,1.0,1.0,1.0,1.0,1.0,3.0,1.0,1.0,1.0,2.0,3.0,1.0,6.0,2.0,3.0,3.0,1.0,1.0,2.0,8.0,3.0,4.0,1.0,1.0,,,,,,,,,,,,,,,,,,,,,,,,,,,
0,278115,66,-30,94,20,20,10,11,0,8,3,2,2,3,10,1,8,1,4,1,1,1,23,1,1,4,1,1,1,4,1,1,7,4,71,3,17,64,6,2,3,48,1,101,28,1,278099,5,187,100,6,5,73,2996,1480,1,20,41,71,4,145,5,3,2,9,3,547,78,1,134,3,28,2,8,6,41,216,52,1,4,1,6,420,2,3,4,57,3,515,8,2,3,41,1,11,17,9,3,16090,1,4,1,22,105,4,3,2,5,6,440,2,7311,49,3,3,96,6,5,41,147567,86,3,28,2,33,2,0,48,22,3,8,4130,40,64,3,1,9,6,18,1481,10,1,8,1523,33,34,3,140,1,5,4,41,6,1957,3,4,2,3,22,7,19,274,14,2,3,4483,8,3,4,338,20,2060023,100,44,1,62,1,5,5,1,4,4,1,35,1,2,3,13,484,2.0,1.0,1.0,41.0,1.0,2.0,1.0,1.0,1.0,2.0,46.0,3.0,1.0,1.0,62.0,13.0,3.0,47.0,47.0,2.0,3.0,2.0,4.0,1.0,2.0,1.0,7.0,7.0,25.0,3.0,1.0,17.0,4.0,2.0,1.0,4.0,1.0,9.0,1.0,1.0,1.0,1.0,1.0,3.0,1.0,1.0,1.0,2.0,3.0,1.0,6.0,2.0,3.0,3.0,1.0,1.0,2.0,8.0,3.0,4.0,1.0,1.0,,,,,,,,,,,,,,,,,,,,,,,,,,,
0,279971,75,1,110,20,20,9,11,0,2,3,2,2,3,10,1,8,1,4,2,1,1,23,1,1,4,1,1,1,4,1,1,7,4,71,3,17,64,6,2,3,48,1,101,28,1,279955,5,187,100,6,5,73,2996,1480,1,20,41,71,4,145,5,3,2,9,3,547,78,1,134,3,28,2,8,6,41,216,52,1,4,1,6,420,2,3,4,57,3,515,8,2,3,41,1,11,17,9,3,16090,1,4,1,22,105,4,3,2,5,6,440,2,7311,49,3,3,96,6,5,41,149423,86,3,28,2,33,2,0,48,22,3,8,4130,40,64,3,1,9,6,18,1481,10,1,8,1528,33,34,3,140,1,5,4,41,6,1957,3,4,2,3,22,7,19,274,14,2,3,4483,9,3,4,338,20,2069615,100,44,1,62,1,5,5,1,4,4,1,35,1,2,3,13,484,2.0,1.0,1.0,41.0,1.0,2.0,1.0,1.0,1.0,2.0,46.0,3.0,1.0,1.0,62.0,13.0,3.0,47.0,47.0,2.0,3.0,2.0,4.0,1.0,2.0,1.0,7.0,7.0,25.0,3.0,1.0,17.0,4.0,2.0,1.0,4.0,1.0,9.0,1.0,1.0,1.0,1.0,1.0,3.0,1.0,1.0,1.0,2.0,3.0,1.0,6.0,2.0,3.0,3.0,1.0,1.0,2.0,8.0,3.0,4.0,1.0,1.0,,,,,,,,,,,,,,,,,,,,,,,,,,,
0,281771,74,3,111,20,20,9,12,0,1,3,2,2,3,10,1,9,1,8,2,1,1,23,1,1,4,1,1,1,4,1,1,7,4,71,3,17,64,6,2,5,48,1,101,28,1,281755,5,187,100,6,5,73,2996,1480,1,20,41,71,4,145,5,3,2,9,3,547,78,1,134,3,28,2,8,6,41,216,52,1,4,1,6,420,2,3,4,57,3,515,8,2,3,87,1,11,17,9,3,16090,1,4,1,22,107,4,3,2,5,6,440,2,7311,49,3,3,96,6,5,41,151223,86,3,28,2,33,2,0,48,22,3,8,4130,40,64,3,1,9,6,18,1481,10,1,8,1535,33,39,4,140,1,5,4,41,6,1957,3,4,2,3,22,7,19,274,15,2,3,4723,9,3,4,338,20,2084485,113,44,1,62,1,5,5,1,4,4,2,37,1,2,3,13,484,2.0,1.0,1.0,41.0,1.0,2.0,1.0,1.0,1.0,2.0,46.0,3.0,1.0,1.0,62.0,13.0,3.0,47.0,47.0,2.0,3.0,2.0,4.0,1.0,2.0,1.0,7.0,7.0,27.0,3.0,1.0,17.0,4.0,2.0,1.0,4.0,1.0,9.0,1.0,1.0,1.0,1.0,1.0,3.0,1.0,1.0,1.0,2.0,3.0,1.0,6.0,2.0,3.0,3.0,1.0,1.0,2.0,8.0,3.0,4.0,1.0,1.0,1.0,,,,,,,,,,,,,,,,,,,,,,,,,,
0,283571,61,57,115,20,20,9,12,0,3,3,2,2,3,10,1,9,1,11,2,1,1,23,1,1,4,1,1,1,4,1,1,7,4,71,3,17,64,6,2,7,48,1,113,28,1,283555,5,202,100,6,5,73,2996,1480,1,20,41,71,4,145,5,3,2,9,3,547,78,1,134,3,28,2,8,6,41,238,52,1,4,1,6,420,2,3,4,57,3,515,8,2,4,108,1,11,17,9,3,16090,1,4,1,22,108,4,3,2,5,6,440,2,7311,49,3,3,96,6,5,41,153023,86,3,28,2,33,2,0,48,22,3,8,4130,40,64,3,1,9,6,18,1481,10,1,8,1544,33,43,4,140,1,5,4,41,6,1957,3,4,2,3,22,7,19,274,15,3,3,4723,9,3,4,370,20,2103472,122,44,1,62,1,5,5,1,4,4,2,37,1,2,3,13,484,2.0,1.0,1.0,41.0,1.0,2.0,1.0,1.0,1.0,2.0,46.0,3.0,1.0,1.0,62.0,13.0,3.0,47.0,47.0,2.0,3.0,2.0,4.0,1.0,2.0,1.0,7.0,7.0,27.0,3.0,1.0,17.0,4.0,2.0,1.0,4.0,1.0,9.0,1.0,1.0,1.0,1.0,1.0,3.0,1.0,1.0,1.0,2.0,3.0,1.0,6.0,2.0,3.0,3.0,1.0,1.0,2.0,8.0,3.0,4.0,1.0,1.0,1.0,,,,,,,,,,,,,,,,,,,,,,,,,,
0,285371,64,56,133,20,20,9,12,0,1,3,2,2,3,10,1,9,1,11,2,1,1,23,1,1,4,1,1,1,8,1,1,7,4,71,3,17,64,6,2,7,48,1,113,28,1,285355,5,202,100,6,5,73,2996,1480,1,20,41,71,5,145,5,3,2,9,3,564,78,1,134,3,28,2,8,6,41,238,52,1,4,1,6,420,2,3,4,57,3,515,8,2,4,108,1,11,17,9,3,16090,1,4,1,22,108,4,3,2,5,6,441,2,7337,49,3,3,96,6,5,50,154823,86,3,28,2,33,2,0,48,22,3,8,4130,40,64,3,1,9,6,18,1481,10,1,8,1564,33,44,4,140,1,5,4,50,6,1957,3,4,2,3,22,7,55,274,15,3,3,4723,9,3,4,372,20,2113184,124,44,1,62,1,5,5,1,4,4,2,37,1,2,3,13,485,2.0,1.0,1.0,41.0,1.0,2.0,1.0,1.0,1.0,2.0,46.0,3.0,1.0,1.0,62.0,13.0,3.0,47.0,47.0,2.0,3.0,2.0,4.0,1.0,2.0,1.0,7.0,7.0,27.0,3.0,1.0,42.0,11.0,2.0,1.0,4.0,1.0,9.0,1.0,1.0,1.0,1.0,1.0,3.0,1.0,1.0,1.0,2.0,3.0,1.0,6.0,2.0,3.0,3.0,1.0,1.0,2.0,8.0,3.0,4.0,1.0,1.0,1.0,,,,,,,,,,,,,,,,,,,,,,,,,,
0,287171,66,-28,92,20,20,9,12,0,1,3,2,2,3,10,1,9,1,11,2,1,1,23,1,1,4,1,1,1,18,1,1,7,4,71,3,17,64,6,2,7,48,1,113,28,1,287155,5,202,100,6,5,73,2996,1480,1,20,41,71,5,145,5,3,2,9,3,564,78,1,134,3,28,2,8,6,41,238,52,1,4,1,6,420,2,3,4,57,3,515,8,2,4,108,1,11,17,9,3,16090,1,4,1,22,108,4,3,2,5,6,441,2,7337,49,3,3,96,6,5,50,156623,86,3,28,2,33,2,0,48,22,3,8,4130,40,64,3,1,9,6,18,1481,10,1,8,1588,33,47,4,140,1,5,4,50,6,1957,3,4,2,3,22,7,115,274,15,3,3,4723,9,3,4,372,20,2130124,130,44,1,62,1,5,5,1,4,4,2,37,1,2,3,13,485,2.0,1.0,1.0,41.0,1.0,2.0,1.0,1.0,1.0,2.0,46.0,3.0,1.0,1.0,62.0,13.0,3.0,47.0,47.0,2.0,3.0,2.0,4.0,1.0,2.0,1.0,7.0,7.0,27.0,3.0,1.0,42.0,11.0,2.0,1.0,4.0,1.0,9.0,1.0,1.0,1.0,1.0,1.0,3.0,1.0,1.0,1.0,2.0,3.0,1.0,6.0,2.0,3.0,3.0,1.0,1.0,2.0,8.0,3.0,4.0,1.0,1.0,1.0,,,,,,,,,,,,,,,,,,,,,,,,,,
0,288971,66,-28,93,20,20,9,12,0,4,3,2,2,3,10,1,9,1,11,2,1,1,23,1,1,4,1,1,1,18,1,1,7,4,78,3,17,64,6,2,7,48,1,113,28,1,288955,5,202,104,6,5,73,2996,1480,1,20,41,71,5,145,5,3,2,9,3,564,78,1,134,3,28,2,8,6,41,238,84,1,4,1,6,484,2,3,4,57,3,515,8,2,4,108,1,11,17,9,3,16090,1,4,1,22,108,4,3,2,5,6,441,2,7337,49,3,3,96,6,5,50,158423,86,3,28,2,33,2,0,48,22,3,8,4130,40,64,3,1,9,6,18,1481,10,1,8,1588,33,47,4,140,1,5,4,50,6,1957,3,4,2,3,22,7,115,274,15,3,3,4723,9,3,4,372,20,2131302,130,44,1,62,1,5,5,1,4,4,2,37,1,2,3,13,485,2.0,1.0,1.0,41.0,1.0,2.0,1.0,1.0,1.0,2.0,46.0,3.0,1.0,1.0,62.0,13.0,3.0,47.0,47.0,2.0,3.0,2.0,4.0,1.0,2.0,1.0,7.0,7.0,27.0,7.0,1.0,42.0,11.0,2.0,1.0,4.0,1.0,9.0,1.0,1.0,1.0,1.0,1.0,3.0,1.0,1.0,1.0,2.0,3.0,1.0,6.0,2.0,3.0,3.0,1.0,1.0,2.0,8.0,3.0,4.0,1.0,1.0,1.0,,,,,,,,,,,,,,,,,,,,,,,,,,
0,290544,66,-28,93,20,20,9,12,0,6,3,2,2,3,10,1,9,1,11,2,1,1,23,1,1,4,1,1,1,18,1,1,7,4,80,3,17,64,6,2,7,48,1,113,28,1,290528,5,202,108,6,5,73,2996,1480,1,20,50,72,5,145,5,3,2,9,3,564,78,1,134,3,28,2,8,6,41,238,84,1,4,1,6,484,2,3,4,57,3,515,8,2,4,108,1,11,17,9,3,16090,1,4,1,22,108,4,3,2,5,6,441,2,7337,49,3,3,96,6,5,50,159996,86,3,28,2,33,2,0,48,22,3,8,4130,40,64,3,1,9,6,18,1481,10,1,8,1588,33,47,4,140,1,5,4,50,6,1957,3,4,2,3,22,7,115,274,15,3,3,4723,9,3,4,372,20,2136023,130,44,1,62,1,5,5,1,4,4,2,37,1,2,3,13,485,2.0,1.0,1.0,41.0,1.0,2.0,1.0,1.0,1.0,2.0,46.0,3.0,1.0,1.0,62.0,13.0,3.0,47.0,47.0,2.0,3.0,2.0,4.0,1.0,2.0,1.0,7.0,7.0,27.0,7.0,1.0,42.0,11.0,2.0,1.0,4.0,1.0,9.0,1.0,1.0,1.0,1.0,1.0,3.0,1.0,1.0,1.0,2.0,3.0,1.0,6.0,2.0,3.0,3.0,1.0,1.0,2.0,8.0,3.0,4.0,1.0,1.0,1.0,1.0,1.0,,,,,,,,,,,,,,,,,,,,,,,,
0,292571,66,-27,92,20,20,8,12,0,6,3,2,2,3,10,1,9,1,11,2,1,1,23,1,1,4,16,1,1,18,1,1,7,4,83,3,17,64,6,2,7,48,1,113,28,1,292555,5,202,108,6,5,73,3265,1480,1,20,50,73,5,145,5,3,2,9,3,564,78,1,134,3,28,2,8,6,41,238,84,1,4,1,6,508,2,3,4,57,3,515,8,2,4,108,1,11,17,9,3,16090,1,4,1,22,108,4,3,2,5,6,441,2,7363,49,3,3,144,6,5,50,162023,86,3,28,2,33,2,0,48,22,3,8,4130,40,64,3,1,9,6,18,1481,10,1,8,1610,33,47,4,140,1,5,4,50,6,1957,3,4,2,3,22,7,115,274,15,3,3,4723,9,3,4,372,20,2159304,130,44,1,62,1,5,5,1,4,4,2,37,1,2,3,13,485,2.0,1.0,1.0,41.0,1.0,2.0,1.0,1.0,1.0,2.0,46.0,3.0,1.0,1.0,62.0,13.0,3.0,47.0,47.0,2.0,3.0,2.0,4.0,1.0,2.0,1.0,7.0,7.0,27.0,7.0,1.0,42.0,11.0,2.0,1.0,4.0,1.0,9.0,1.0,1.0,1.0,1.0,1.0,3.0,1.0,1.0,1.0,2.0,3.0,1.0,6.0,2.0,3.0,3.0,1.0,1.0,2.0,8.0,3.0,4.0,1.0,1.0,1.0,1.0,1.0,,,,,,,,,,,,,,,,,,,,,,,,
0,295271,66,-32,91,20,20,8,13,0,6,3,2,2,3,10,1,10,1,11,2,1,1,23,1,1,4,17,1,1,18,1,1,7,4,83,3,17,64,6,2,7,48,1,113,28,1,295255,5,202,112,6,5,73,3265,1480,1,21,50,76,5,145,5,3,2,9,3,564,78,1,134,3,33,2,8,6,41,238,84,1,4,1,6,532,2,3,4,60,3,515,8,2,4,108,1,11,18,9,3,16090,1,4,1,22,108,4,3,2,5,6,441,2,7363,49,3,3,144,6,5,50,164723,86,3,28,2,39,2,0,48,22,3,8,4130,40,64,3,1,9,7,18,1481,10,1,8,1612,39,47,4,140,1,5,4,50,6,1957,3,4,2,3,22,7,115,274,16,3,3,4923,9,3,4,372,20,2170205,130,44,1,62,1,5,5,1,4,4,2,38,1,2,3,13,485,2.0,1.0,1.0,41.0,1.0,2.0,1.0,1.0,1.0,2.0,46.0,3.0,1.0,1.0,68.0,13.0,3.0,47.0,47.0,2.0,3.0,2.0,4.0,1.0,2.0,1.0,7.0,7.0,31.0,7.0,1.0,42.0,11.0,2.0,1.0,4.0,1.0,9.0,1.0,1.0,1.0,1.0,1.0,3.0,2.0,1.0,1.0,2.0,3.0,1.0,6.0,2.0,3.0,3.0,1.0,1.0,2.0,8.0,3.0,4.0,1.0,1.0,1.0,1.0,1.0,1.0,,,,,,,,,,,,,,,,,,,,,,,
0,297071,66,-31,93,20,20,8,13,0,4,3,2,2,3,10,1,10,1,11,2,1,1,23,1,1,4,17,1,1,18,1,1,7,4,83,3,17,64,6,2,7,48,1,113,28,1,297055,5,202,118,6,5,73,3265,1480,1,21,50,76,5,145,5,3,2,9,3,564,78,1,134,3,33,2,8,6,41,238,84,1,4,1,6,532,2,3,4,60,3,515,8,2,4,108,1,11,18,9,3,16090,1,4,1,22,109,4,3,2,5,6,441,2,7363,49,3,3,144,6,5,50,166523,86,3,28,2,39,2,0,48,22,3,8,4130,40,64,3,1,9,8,18,1481,10,1,8,1616,39,47,4,140,1,5,4,50,6,1957,3,4,2,3,22,7,115,274,17,3,3,5083,9,3,4,372,20,2182832,130,44,1,62,1,5,5,1,4,4,2,39,1,2,3,13,485,2.0,1.0,1.0,41.0,1.0,2.0,1.0,1.0,1.0,2.0,46.0,3.0,1.0,1.0,68.0,13.0,3.0,47.0,47.0,2.0,3.0,2.0,4.0,1.0,2.0,1.0,7.0,7.0,34.0,7.0,1.0,42.0,11.0,2.0,1.0,4.0,1.0,9.0,1.0,1.0,1.0,1.0,1.0,3.0,2.0,1.0,1.0,2.0,3.0,1.0,6.0,2.0,3.0,3.0,1.0,1.0,2.0,8.0,3.0,4.0,1.0,1.0,1.0,1.0,1.0,1.0,,,,,,,,,,,,,,,,,,,,,,,
0,298871,46,-24,84,20,20,6,13,0,2,3,2,2,3,10,1,10,1,11,2,1,1,23,1,1,4,17,1,1,18,1,1,7,4,83,3,20,101,6,2,7,49,1,113,28,1,298855,5,202,119,6,5,73,3265,1480,1,21,50,76,5,145,5,3,2,9,3,564,78,1,134,3,33,2,8,6,41,238,84,1,4,1,6,532,2,3,4,60,3,515,8,2,4,108,1,11,18,9,3,16090,1,4,1,22,109,4,3,2,5,6,442,2,7467,49,3,3,144,6,5,50,168323,86,3,28,2,39,2,0,50,22,3,11,4654,40,64,3,1,9,8,18,1481,10,1,8,1629,39,47,4,140,1,5,4,50,6,1966,3,4,2,3,22,7,115,274,17,3,3,5083,9,3,4,372,20,2195694,130,44,1,62,1,5,5,1,4,4,2,39,1,2,3,13,485,2.0,1.0,1.0,41.0,1.0,2.0,1.0,1.0,1.0,2.0,46.0,3.0,1.0,1.0,68.0,13.0,3.0,47.0,47.0,2.0,3.0,2.0,4.0,1.0,2.0,1.0,7.0,7.0,34.0,7.0,1.0,42.0,11.0,2.0,1.0,4.0,1.0,9.0,1.0,1.0,1.0,1.0,1.0,3.0,2.0,1.0,1.0,2.0,3.0,1.0,6.0,2.0,3.0,3.0,1.0,1.0,2.0,8.0,3.0,4.0,1.0,1.0,1.0,1.0,1.0,1.0,,,,,,,,,,,,,,,,,,,,,,,
0,300671,26,-30,88,20,20,6,13,0,2,3,2,3,3,10,1,10,1,11,2,1,1,23,1,1,4,17,1,1,18,1,1,7,4,83,3,32,101,6,2,7,49,1,113,28,1,300655,5,202,119,6,5,73,3265,1480,1,21,50,76,5,145,5,3,2,9,3,565,78,1,134,3,33,2,8,6,41,238,84,1,4,1,6,532,2,3,4,60,3,515,8,2,4,108,1,11,18,9,3,16090,1,4,1,22,109,4,3,2,5,6,442,2,7467,49,3,3,144,6,5,50,170123,86,3,28,2,39,2,0,63,22,3,23,4654,40,64,3,1,9,8,18,1481,10,1,8,1649,39,47,4,140,1,5,4,50,6,1966,3,4,2,3,22,7,115,274,17,3,3,5083,9,3,4,372,20,2217258,130,44,1,62,1,5,5,1,4,4,2,39,1,3,3,13,485,2.0,1.0,1.0,41.0,1.0,2.0,2.0,1.0,1.0,2.0,46.0,3.0,1.0,1.0,68.0,13.0,3.0,47.0,47.0,2.0,3.0,2.0,4.0,1.0,2.0,1.0,7.0,7.0,34.0,7.0,1.0,42.0,11.0,2.0,1.0,4.0,1.0,9.0,1.0,1.0,1.0,1.0,1.0,3.0,2.0,1.0,1.0,2.0,3.0,1.0,6.0,2.0,3.0,3.0,1.0,1.0,2.0,8.0,3.0,4.0,1.0,1.0,1.0,1.0,1.0,1.0,,,,,,,,,,,,,,,,,,,,,,,
0,302471,5,-67,87,20,20,6,13,0,1,3,2,3,3,10,1,10,1,11,2,1,1,23,1,1,4,17,1,1,18,1,1,7,4,83,3,33,101,6,2,7,49,1,113,28,1,302455,5,202,119,6,5,73,3265,1480,1,21,50,76,5,145,5,3,2,9,3,605,78,1,134,3,33,2,8,6,41,238,84,1,4,1,6,532,2,3,4,60,3,515,8,2,4,108,1,11,18,9,3,16090,1,4,1,22,109,4,3,2,5,6,465,2,7467,49,3,3,144,6,5,64,171923,86,3,28,2,39,2,0,65,22,3,24,4654,40,64,3,1,9,8,18,1481,10,1,8,1651,39,47,4,140,1,5,4,64,6,1966,3,4,2,3,22,7,115,274,17,3,3,5083,9,3,4,372,20,2226295,130,44,1,62,1,5,5,1,4,4,2,39,1,3,3,13,511,2.0,1.0,1.0,41.0,1.0,2.0,2.0,1.0,1.0,2.0,46.0,3.0,1.0,1.0,71.0,27.0,6.0,47.0,47.0,2.0,3.0,2.0,4.0,1.0,2.0,1.0,7.0,7.0,34.0,7.0,1.0,42.0,11.0,2.0,1.0,4.0,1.0,9.0,1.0,1.0,1.0,1.0,1.0,3.0,2.0,1.0,1.0,2.0,3.0,1.0,6.0,2.0,3.0,3.0,1.0,1.0,2.0,8.0,3.0,4.0,1.0,1.0,1.0,1.0,1.0,1.0,1.0,,,,,,,,,,,,,,,,,,,,,,
0,304271,7,-86,86,20,20,6,13,0,3,3,2,3,3,10,1,10,1,11,2,1,1,23,1,1,4,17,1,1,18,1,1,7,4,83,3,33,101,6,2,7,49,1,113,28,1,304255,5,202,119,8,5,73,3265,1480,1,21,50,76,5,145,5,3,2,9,3,653,78,1,134,3,33,2,8,6,41,238,84,1,4,1,6,532,2,3,4,60,3,515,8,2,4,108,1,11,18,9,3,16090,1,4,1,22,110,4,3,2,5,6,491,2,7467,49,3,3,144,6,5,64,173723,86,3,28,2,39,2,0,67,22,3,24,4654,40,64,3,1,9,8,18,1481,10,1,8,1660,39,47,4,140,1,5,4,64,6,1966,3,4,2,3,22,7,115,274,17,3,3,5083,9,3,4,372,20,2231226,130,44,1,68,1,5,5,1,4,4,2,39,1,3,3,13,541,2.0,1.0,1.0,41.0,1.0,2.0,2.0,1.0,1.0,2.0,46.0,3.0,1.0,1.0,71.0,27.0,6.0,47.0,47.0,2.0,3.0,2.0,4.0,1.0,2.0,1.0,7.0,7.0,34.0,7.0,1.0,42.0,11.0,2.0,1.0,4.0,1.0,9.0,1.0,1.0,1.0,1.0,1.0,3.0,2.0,1.0,1.0,2.0,3.0,1.0,6.0,2.0,3.0,3.0,1.0,1.0,2.0,8.0,3.0,4.0,1.0,1.0,1.0,1.0,1.0,1.0,1.0,16.0,18.0,,,,,,,,,,,,,,,,,,,,
0,306071,66,-31,90,20,20,4,13,0,1,3,2,4,3,10,1,10,1,11,2,1,1,23,1,1,4,17,1,1,18,1,1,7,4,83,3,33,101,6,2,7,49,1,113,28,1,306055,5,202,119,8,5,73,3265,1480,1,21,50,76,5,145,5,3,2,9,3,663,78,1,134,3,33,2,8,6,41,238,84,1,4,1,6,532,2,3,4,60,3,515,8,2,4,108,1,11,18,9,3,16090,1,4,1,22,111,4,3,2,5,6,498,2,7467,49,3,3,144,6,5,64,175523,86,3,28,2,39,2,0,68,22,3,24,4654,40,64,3,1,9,8,18,1481,10,1,8,1774,39,47,4,140,1,5,4,64,6,1966,3,4,2,3,22,7,115,274,17,3,3,5083,9,3,4,372,20,2246111,130,44,1,74,1,5,5,1,4,4,2,39,1,4,3,13,554,2.0,1.0,1.0,41.0,1.0,2.0,2.0,1.0,1.0,2.0,46.0,3.0,1.0,1.0,75.0,27.0,6.0,47.0,47.0,2.0,3.0,2.0,4.0,1.0,2.0,1.0,7.0,7.0,34.0,7.0,1.0,42.0,11.0,2.0,1.0,4.0,1.0,9.0,1.0,1.0,1.0,1.0,1.0,3.0,2.0,1.0,1.0,2.0,3.0,1.0,6.0,2.0,3.0,3.0,1.0,1.0,2.0,8.0,3.0,4.0,1.0,1.0,1.0,1.0,1.0,1.0,1.0,16.0,18.0,1.0,1.0,,,,,,,,,,,,,,,,,,
0,307600,66,-25,94,20,20,4,15,0,3,3,2,4,3,10,1,10,1,11,2,1,1,23,1,1,4,17,1,1,18,1,1,7,4,87,3,33,117,6,2,7,49,1,113,28,1,307584,5,202,121,8,5,169,3265,1480,1,21,50,76,5,145,5,3,2,9,3,663,78,1,134,3,33,2,8,6,41,238,84,1,4,1,6,532,2,3,4,60,3,515,8,2,4,108,1,11,18,9,3,16090,1,4,1,22,111,4,3,2,5,6,498,2,7467,49,3,3,144,6,5,64,177052,86,3,28,2,39,2,0,68,22,3,24,4654,40,64,3,1,9,8,18,1481,10,1,8,1774,39,47,4,140,1,5,4,64,6,1966,3,4,2,3,22,7,115,274,17,3,3,5083,9,3,4,372,20,2249312,130,44,1,74,1,5,5,1,4,4,2,39,1,4,3,13,554,2.0,1.0,1.0,41.0,1.0,2.0,2.0,1.0,1.0,2.0,46.0,3.0,1.0,1.0,75.0,27.0,6.0,47.0,47.0,2.0,3.0,2.0,4.0,1.0,2.0,1.0,7.0,7.0,34.0,7.0,1.0,42.0,11.0,2.0,1.0,4.0,1.0,9.0,1.0,1.0,1.0,1.0,1.0,3.0,2.0,1.0,1.0,2.0,3.0,1.0,6.0,2.0,3.0,3.0,1.0,1.0,2.0,8.0,3.0,4.0,1.0,1.0,1.0,1.0,1.0,1.0,1.0,16.0,18.0,1.0,1.0,,,,,,,,,,,,,,,,,,
0,309671,80,57,28,20,20,1,15,0,0,3,2,4,3,10,1,10,1,11,2,1,1,23,1,1,4,17,1,1,18,1,1,7,4,87,3,33,117,6,2,7,49,1,113,28,1,309655,5,202,121,8,5,169,3600,1480,1,21,50,76,5,145,5,3,2,9,3,663,78,1,134,3,33,2,8,6,41,238,84,1,4,1,6,532,2,3,4,60,3,515,8,2,4,108,1,11,18,9,3,19374,1,4,1,22,111,4,3,2,5,6,498,2,7493,49,3,3,144,6,5,64,179123,86,3,28,2,39,2,0,68,22,3,24,4654,40,64,3,1,9,8,18,3025,10,1,8,1814,39,47,4,140,1,5,4,64,6,1976,3,4,2,3,22,7,115,274,17,3,3,5383,9,3,4,372,20,2273275,130,44,1,74,1,5,5,1,4,4,2,42,1,4,3,13,554,2.0,1.0,1.0,41.0,1.0,2.0,2.0,1.0,1.0,2.0,46.0,3.0,1.0,1.0,75.0,27.0,6.0,47.0,47.0,2.0,3.0,2.0,4.0,1.0,2.0,1.0,7.0,7.0,40.0,7.0,1.0,42.0,11.0,2.0,1.0,4.0,1.0,9.0,1.0,1.0,1.0,1.0,1.0,3.0,2.0,1.0,1.0,2.0,3.0,1.0,10.0,5.0,3.0,3.0,1.0,1.0,2.0,8.0,3.0,4.0,1.0,1.0,1.0,1.0,1.0,1.0,1.0,16.0,18.0,1.0,1.0,,,,,,,,,,,,,,,,,,
0,311471,58,-16,22,20,20,6,15,0,5,3,2,4,3,10,1,10,1,11,2,1,1,23,1,1,4,17,1,1,18,1,1,7,4,87,3,35,117,6,2,7,49,1,113,28,1,311455,5,202,124,8,5,169,4458,1480,1,21,50,76,5,145,5,3,2,9,3,663,78,1,134,3,33,2,8,6,41,238,84,1,4,1,6,532,2,3,4,60,3,515,8,2,4,108,1,11,18,9,3,19374,1,4,1,22,111,4,3,2,5,6,498,2,7572,49,3,3,144,6,5,64,180923,86,3,28,3,39,2,0,75,22,3,24,4654,40,64,3,1,9,8,18,3025,10,1,8,1817,39,47,4,140,1,7,4,64,6,2046,3,5,2,3,22,7,115,274,17,3,3,5463,9,3,4,372,20,2287971,130,44,1,74,1,5,5,1,4,4,2,43,1,4,3,13,554,2.0,1.0,1.0,41.0,1.0,2.0,2.0,1.0,1.0,2.0,46.0,3.0,1.0,1.0,75.0,27.0,6.0,47.0,47.0,2.0,3.0,2.0,4.0,1.0,2.0,1.0,7.0,7.0,42.0,7.0,1.0,42.0,11.0,2.0,1.0,4.0,1.0,9.0,1.0,1.0,1.0,1.0,1.0,3.0,2.0,1.0,1.0,2.0,3.0,1.0,10.0,5.0,3.0,3.0,1.0,1.0,2.0,8.0,3.0,4.0,1.0,1.0,1.0,1.0,1.0,1.0,1.0,16.0,18.0,1.0,1.0,1.0,,,,,,,,,,,,,,,,,
0,313271,63,-7,60,13,17,0,15,0,0,3,2,4,3,10,1,10,1,11,2,1,1,23,1,1,4,17,1,1,18,1,1,7,4,87,3,35,117,6,2,7,49,1,113,28,1,313255,5,202,124,8,5,169,4458,1480,1,21,50,76,5,145,5,3,2,9,3,663,78,1,135,3,33,2,8,6,41,238,84,1,4,1,6,532,2,3,4,60,3,515,8,2,4,108,1,11,18,9,3,19374,1,4,1,22,111,4,3,2,5,6,498,2,7838,49,3,3,144,6,5,64,182723,86,3,28,3,39,2,0,79,22,3,24,4654,40,64,3,1,9,8,18,3025,10,1,8,1830,39,47,4,141,1,7,4,64,6,2174,3,5,2,3,22,7,115,274,17,3,3,5863,9,3,4,372,20,2305367,130,44,1,74,1,5,5,1,4,4,2,44,1,4,3,13,554,2.0,1.0,1.0,41.0,1.0,2.0,2.0,1.0,1.0,2.0,46.0,3.0,1.0,1.0,75.0,27.0,6.0,47.0,47.0,2.0,3.0,2.0,4.0,1.0,2.0,1.0,7.0,7.0,49.0,7.0,1.0,42.0,11.0,2.0,1.0,4.0,1.0,9.0,1.0,1.0,1.0,1.0,1.0,3.0,2.0,1.0,1.0,2.0,3.0,1.0,10.0,5.0,3.0,3.0,1.0,1.0,2.0,8.0,3.0,4.0,1.0,1.0,1.0,1.0,1.0,1.0,1.0,16.0,18.0,1.0,1.0,1.0,1.0,1.0,,,,,,,,,,,,,,,
0,315071,68,-23,95,20,20,0,15,0,0,3,2,4,3,10,1,10,1,11,2,1,1,23,1,1,4,17,1,1,18,1,1,7,4,87,3,35,117,6,2,7,83,1,113,28,1,315055,5,203,124,8,5,169,4667,1480,1,21,50,76,5,145,5,3,2,9,3,663,78,1,135,3,33,2,8,6,41,238,84,1,4,1,6,532,2,3,4,60,3,515,8,2,4,108,1,11,18,9,3,19374,1,4,1,22,111,4,3,2,5,6,498,2,10505,49,3,3,144,6,5,64,184523,86,3,28,4,39,2,0,81,22,3,24,10808,40,64,3,1,9,8,18,3025,10,1,8,1854,39,47,4,141,1,7,4,64,6,2174,3,8,2,3,22,7,115,274,17,3,3,5943,9,3,4,372,20,2323446,130,44,1,74,1,14,5,1,4,4,2,45,1,4,3,13,554,2.0,1.0,1.0,41.0,1.0,2.0,2.0,1.0,1.0,2.0,46.0,3.0,1.0,1.0,75.0,27.0,6.0,47.0,47.0,2.0,3.0,2.0,4.0,1.0,2.0,1.0,7.0,7.0,52.0,7.0,1.0,42.0,11.0,2.0,1.0,4.0,1.0,9.0,1.0,1.0,1.0,1.0,1.0,3.0,2.0,1.0,1.0,2.0,3.0,1.0,10.0,5.0,3.0,3.0,1.0,1.0,2.0,8.0,3.0,4.0,1.0,1.0,1.0,1.0,1.0,1.0,1.0,16.0,18.0,1.0,1.0,2.0,1.0,1.0,,,,,,,,,,,,,,,
0,316871,66,-30,94,20,20,0,15,0,6,3,2,4,3,10,1,10,1,11,2,1,1,23,1,1,4,17,1,1,18,1,1,7,4,87,3,35,117,6,2,7,83,1,113,28,1,316855,5,203,132,8,5,169,4667,1480,1,21,50,76,5,145,5,3,2,9,3,663,78,1,135,3,33,2,8,6,41,238,84,1,4,1,6,532,2,3,4,60,3,515,8,2,4,108,1,11,18,9,3,19374,1,4,1,22,111,4,3,2,5,6,498,2,10505,49,3,3,144,6,5,64,186323,86,3,28,4,39,2,0,81,22,3,24,10808,40,64,3,1,9,8,36,3025,10,1,8,1854,39,47,4,141,1,7,4,64,6,2174,3,8,2,3,22,7,115,274,17,3,3,5943,9,3,4,372,20,2326716,130,44,1,74,1,14,5,1,4,4,2,45,1,4,3,13,554,2.0,1.0,1.0,41.0,1.0,2.0,2.0,1.0,1.0,2.0,46.0,3.0,1.0,1.0,75.0,27.0,6.0,47.0,47.0,2.0,3.0,2.0,4.0,1.0,2.0,1.0,7.0,7.0,52.0,7.0,1.0,42.0,11.0,2.0,1.0,4.0,1.0,9.0,1.0,1.0,1.0,1.0,1.0,3.0,2.0,1.0,1.0,2.0,3.0,1.0,10.0,5.0,3.0,3.0,1.0,1.0,2.0,8.0,3.0,4.0,1.0,1.0,1.0,1.0,1.0,1.0,1.0,16.0,18.0,1.0,1.0,2.0,1.0,1.0,,,,,,,,,,,,,,,
0,318429,66,-30,90,20,20,0,15,0,6,3,2,4,3,10,1,10,1,11,2,1,1,23,1,1,4,17,1,1,18,1,1,7,4,87,3,35,117,6,2,7,83,1,113,28,1,318413,5,203,132,8,5,169,4667,1480,1,21,50,76,5,145,5,3,2,9,3,663,78,1,135,3,33,2,8,6,41,238,84,1,4,1,6,532,2,3,4,60,3,515,8,2,4,108,1,11,18,9,3,19374,1,4,1,22,111,4,3,2,5,6,498,2,10505,49,3,3,144,6,5,64,187881,86,3,28,4,39,2,0,81,22,3,24,10808,40,64,3,1,9,8,36,3025,10,1,8,1854,39,47,4,141,1,7,4,64,6,2174,3,8,2,3,22,7,115,274,17,3,3,5943,9,3,4,372,20,2334961,130,44,1,74,1,14,5,1,4,4,2,45,1,4,3,13,554,2.0,1.0,1.0,41.0,1.0,2.0,2.0,1.0,1.0,2.0,46.0,3.0,1.0,1.0,75.0,27.0,6.0,47.0,47.0,2.0,3.0,2.0,4.0,1.0,2.0,1.0,7.0,7.0,52.0,7.0,1.0,42.0,11.0,2.0,1.0,4.0,1.0,9.0,1.0,1.0,1.0,1.0,1.0,3.0,2.0,1.0,1.0,2.0,3.0,1.0,10.0,5.0,3.0,3.0,1.0,1.0,2.0,8.0,3.0,4.0,1.0,1.0,1.0,1.0,1.0,1.0,1.0,16.0,18.0,1.0,1.0,2.0,1.0,1.0,,,,,,,,,,,,,,,
0,320471,65,-26,94,20,20,0,15,0,1,22,2,4,3,10,1,10,1,11,2,1,21,23,1,1,4,17,1,1,18,1,1,7,4,87,3,35,117,6,2,7,83,1,113,28,1,320455,5,203,133,8,5,169,4667,1484,1,21,50,77,5,145,5,3,2,9,3,663,78,1,135,3,33,2,8,6,41,238,84,1,4,1,6,532,2,3,4,60,3,536,8,2,4,108,1,11,18,9,3,19374,1,4,1,22,111,4,3,2,5,6,498,2,10505,49,3,3,144,6,5,64,189923,86,3,28,4,39,2,0,81,22,3,24,10808,40,64,3,1,9,8,36,3025,10,1,8,1854,39,67,4,141,1,7,4,64,6,2174,3,8,2,3,22,7,115,274,17,3,3,5943,9,3,4,372,20,2342015,130,44,1,74,1,14,5,1,4,4,2,45,1,4,3,13,554,2.0,1.0,1.0,41.0,1.0,2.0,2.0,1.0,1.0,2.0,46.0,3.0,1.0,1.0,75.0,27.0,6.0,47.0,47.0,2.0,3.0,2.0,4.0,1.0,2.0,1.0,7.0,7.0,52.0,7.0,1.0,42.0,11.0,2.0,1.0,4.0,1.0,9.0,1.0,1.0,1.0,1.0,1.0,3.0,2.0,1.0,1.0,2.0,3.0,1.0,10.0,5.0,3.0,3.0,1.0,1.0,2.0,8.0,3.0,4.0,1.0,1.0,1.0,1.0,1.0,1.0,1.0,16.0,18.0,1.0,1.0,2.0,1.0,1.0,,,,,,,,,,,,,,,
0,322271,65,-32,94,20,20,0,15,0,8,80,2,4,3,10,1,10,1,11,2,1,77,23,1,1,4,17,1,1,18,1,1,7,4,87,3,35,117,6,2,7,83,1,113,28,1,322255,5,203,133,8,5,169,4667,1484,1,21,50,77,5,145,5,3,2,9,3,663,78,1,135,3,33,2,8,6,41,238,84,1,4,1,6,532,2,3,4,60,3,536,8,2,4,108,1,11,18,9,3,19419,1,4,1,22,111,4,3,2,5,6,498,2,10505,49,3,3,144,6,5,64,191723,86,3,28,4,39,2,0,81,22,3,24,10808,40,64,3,1,9,8,36,3025,10,1,8,1857,39,123,4,141,1,7,4,64,6,2174,3,8,2,3,22,7,115,274,17,3,3,5943,9,3,4,372,20,2351313,130,44,1,74,1,14,5,1,4,4,2,45,1,4,3,58,554,2.0,1.0,1.0,41.0,1.0,2.0,2.0,1.0,1.0,2.0,46.0,3.0,1.0,1.0,75.0,27.0,6.0,47.0,47.0,2.0,3.0,2.0,4.0,1.0,2.0,1.0,7.0,7.0,52.0,7.0,1.0,42.0,11.0,2.0,1.0,4.0,1.0,9.0,1.0,1.0,1.0,1.0,1.0,3.0,2.0,1.0,1.0,2.0,3.0,1.0,10.0,5.0,3.0,3.0,1.0,1.0,2.0,8.0,3.0,4.0,1.0,1.0,1.0,1.0,1.0,1.0,1.0,16.0,18.0,1.0,1.0,2.0,1.0,1.0,,,,,,,,,,,,,,,
0,324071,66,-28,93,20,20,0,15,0,7,80,2,4,3,10,1,10,1,11,2,1,77,23,1,1,4,17,1,1,18,1,1,7,4,87,3,35,117,6,2,7,83,1,113,28,1,324055,5,203,133,8,5,169,4667,1484,1,21,50,78,5,145,5,3,2,9,3,669,78,1,135,3,33,2,8,6,41,238,84,1,4,1,6,536,2,3,4,60,3,550,8,2,4,108,1,11,18,9,3,19419,1,4,1,22,112,4,3,2,6,6,504,2,10505,49,3,3,144,6,5,64,193523,86,3,28,4,39,2,0,81,22,3,24,10808,48,64,3,1,9,8,36,3025,10,1,8,1859,39,123,4,141,1,7,4,64,6,2174,3,8,2,3,22,7,115,274,17,3,3,5943,9,3,4,372,20,2357191,130,44,1,74,1,14,5,1,4,4,2,45,1,4,3,94,560,2.0,1.0,1.0,41.0,1.0,2.0,2.0,1.0,1.0,2.0,46.0,3.0,1.0,1.0,75.0,27.0,6.0,47.0,47.0,2.0,3.0,2.0,4.0,1.0,2.0,1.0,7.0,7.0,52.0,7.0,1.0,42.0,11.0,2.0,1.0,4.0,1.0,9.0,1.0,1.0,1.0,1.0,1.0,3.0,2.0,1.0,1.0,2.0,3.0,1.0,10.0,5.0,3.0,3.0,1.0,1.0,2.0,8.0,3.0,4.0,1.0,1.0,1.0,1.0,1.0,1.0,1.0,16.0,18.0,1.0,1.0,2.0,1.0,1.0,,,,,,,,,,,,,,,
0,325871,66,-29,95,20,20,0,15,0,3,82,2,4,3,10,1,10,1,11,2,1,79,23,1,1,4,17,1,1,18,1,1,7,4,88,3,35,117,6,2,7,83,1,113,28,1,325855,5,203,133,8,5,169,4667,1484,1,21,50,78,5,145,8,3,2,9,3,679,78,1,135,3,33,2,8,6,41,238,84,1,4,1,7,536,2,3,4,60,3,550,8,2,4,108,1,11,18,9,3,19419,1,4,1,22,116,4,3,2,6,6,511,2,10505,49,3,3,144,6,8,64,195323,86,3,28,4,39,2,0,81,23,3,24,10808,48,64,3,1,9,8,36,3025,10,1,8,1863,39,125,4,141,1,7,4,64,6,2174,3,8,2,3,22,7,115,274,17,3,3,5943,9,3,4,372,20,2370104,130,44,1,74,1,14,5,1,4,4,2,45,1,4,3,103,567,2.0,1.0,1.0,41.0,1.0,2.0,2.0,1.0,1.0,2.0,46.0,3.0,1.0,1.0,75.0,27.0,6.0,47.0,47.0,2.0,3.0,2.0,4.0,1.0,2.0,1.0,7.0,7.0,52.0,7.0,1.0,42.0,11.0,2.0,1.0,4.0,1.0,9.0,1.0,1.0,1.0,1.0,1.0,3.0,2.0,1.0,1.0,2.0,3.0,1.0,10.0,5.0,3.0,3.0,1.0,1.0,2.0,8.0,3.0,4.0,1.0,1.0,1.0,1.0,1.0,1.0,1.0,16.0,18.0,1.0,1.0,2.0,1.0,1.0,1.0,,,,,,,,,,,,,,
0,327318,66,-30,95,20,20,0,15,0,3,82,2,4,3,10,1,10,1,11,2,1,79,23,1,1,4,17,1,1,18,1,1,7,4,88,3,35,117,6,2,7,83,1,113,28,1,327302,5,203,133,8,5,169,4667,1484,1,21,50,78,5,145,12,3,2,9,5,694,78,1,138,3,33,2,8,6,41,238,84,1,4,1,7,536,2,5,4,60,3,550,8,2,4,108,1,11,18,9,3,19419,1,4,1,22,119,4,5,2,6,6,518,2,10505,50,3,3,144,6,12,64,196770,86,5,28,4,39,2,0,81,26,3,24,10808,48,64,3,1,9,8,36,3025,10,1,8,1863,39,125,4,144,1,7,4,64,6,2174,3,8,2,3,22,7,115,274,17,3,3,5943,9,3,4,372,21,2375910,130,44,1,74,1,14,5,1,4,4,2,45,1,4,3,105,574,2.0,1.0,1.0,41.0,1.0,2.0,2.0,1.0,1.0,2.0,46.0,3.0,1.0,1.0,75.0,27.0,6.0,47.0,47.0,2.0,3.0,2.0,4.0,1.0,2.0,1.0,7.0,7.0,52.0,7.0,1.0,42.0,11.0,2.0,1.0,4.0,1.0,9.0,1.0,1.0,1.0,1.0,1.0,3.0,2.0,1.0,1.0,2.0,3.0,1.0,10.0,5.0,3.0,3.0,1.0,1.0,2.0,8.0,3.0,4.0,1.0,1.0,1.0,1.0,1.0,1.0,1.0,16.0,18.0,1.0,1.0,2.0,1.0,1.0,1.0,,,,,,,,,,,,,,
0,329471,66,-30,91,20,20,0,15,0,7,82,2,4,3,10,1,10,1,11,2,1,79,23,1,1,4,17,1,1,18,1,1,7,4,88,3,35,117,6,2,7,83,1,113,28,1,329455,5,203,133,8,5,169,4667,1485,1,21,50,78,5,145,12,3,2,9,7,703,78,1,159,3,35,2,8,6,41,238,84,1,4,1,7,536,2,5,4,60,3,579,8,2,4,108,1,11,18,9,3,19419,1,4,1,22,119,4,7,2,6,6,525,2,10531,78,3,3,144,6,12,64,198923,86,5,28,4,39,2,0,81,26,3,24,10808,48,64,3,1,9,8,36,3025,10,1,8,1866,39,125,4,165,1,7,4,64,6,2174,3,8,2,3,22,7,115,274,17,3,3,5943,9,3,4,372,21,2388423,130,44,1,74,1,14,5,1,4,4,2,45,1,4,3,105,581,2.0,1.0,1.0,41.0,1.0,2.0,2.0,1.0,1.0,2.0,46.0,3.0,1.0,1.0,75.0,27.0,6.0,47.0,66.0,2.0,3.0,2.0,4.0,1.0,2.0,1.0,7.0,7.0,52.0,7.0,1.0,42.0,11.0,2.0,1.0,4.0,1.0,9.0,1.0,1.0,1.0,1.0,1.0,3.0,2.0,1.0,1.0,2.0,3.0,1.0,10.0,5.0,3.0,3.0,1.0,1.0,2.0,8.0,3.0,4.0,1.0,1.0,1.0,1.0,1.0,1.0,1.0,16.0,18.0,1.0,1.0,2.0,1.0,1.0,1.0,,,,,,,,,,,,,,
0,331271,67,-34,93,20,20,0,15,0,7,82,2,4,3,10,1,10,1,11,2,1,79,23,1,1,4,17,1,1,18,1,1,7,4,88,3,35,117,6,2,7,83,1,113,28,1,331255,5,203,133,8,5,169,4667,1485,1,21,50,78,5,145,12,3,2,9,7,747,78,1,161,3,43,2,8,6,41,238,84,1,4,1,7,536,2,5,4,60,3,579,8,2,4,108,1,11,18,9,3,19419,1,4,1,22,120,4,7,2,6,6,564,2,10531,95,3,3,144,6,12,64,200723,86,5,28,4,39,2,0,81,26,3,24,10808,48,64,3,1,9,8,36,3025,10,1,8,1874,39,125,4,167,1,7,4,64,6,2174,3,8,2,3,22,7,115,274,17,3,3,5943,9,3,4,372,21,2398141,130,44,1,78,1,14,5,1,4,4,2,45,1,4,3,105,625,2.0,1.0,1.0,41.0,1.0,2.0,2.0,1.0,1.0,2.0,46.0,3.0,1.0,1.0,75.0,27.0,6.0,47.0,66.0,2.0,3.0,2.0,4.0,1.0,2.0,1.0,7.0,7.0,52.0,7.0,1.0,42.0,11.0,2.0,1.0,4.0,1.0,9.0,1.0,1.0,1.0,1.0,1.0,3.0,2.0,1.0,1.0,2.0,3.0,1.0,10.0,5.0,3.0,3.0,1.0,1.0,2.0,8.0,3.0,4.0,1.0,1.0,1.0,1.0,1.0,1.0,1.0,16.0,18.0,1.0,1.0,2.0,1.0,1.0,1.0,,,,,,,,,,,,,,
0,333071,65,-33,89,20,20,0,15,0,1,82,2,4,3,10,1,10,1,11,2,1,80,23,3,1,4,17,1,1,18,1,1,7,4,88,3,35,117,6,2,7,83,1,113,28,1,333055,5,203,133,8,5,169,4667,1485,1,21,50,78,5,145,12,3,2,9,7,758,78,1,161,3,43,2,8,6,41,238,84,1,4,1,7,536,2,5,4,60,3,579,8,2,4,108,1,11,18,9,3,19419,3,4,1,22,120,4,7,2,6,6,573,2,10531,115,3,3,144,6,12,64,202523,86,5,28,4,39,2,0,81,26,3,24,10808,48,64,3,1,9,8,36,3025,10,1,8,1878,39,125,4,167,1,7,4,64,6,2174,3,8,2,3,22,7,115,274,17,3,3,5943,9,3,4,372,21,2412862,130,44,1,78,1,14,5,1,4,4,2,45,1,4,3,112,633,2.0,1.0,1.0,41.0,1.0,2.0,2.0,1.0,1.0,2.0,46.0,3.0,1.0,1.0,75.0,27.0,6.0,47.0,66.0,2.0,3.0,2.0,4.0,1.0,2.0,1.0,7.0,7.0,52.0,7.0,1.0,42.0,11.0,2.0,1.0,4.0,1.0,9.0,1.0,1.0,1.0,1.0,1.0,3.0,2.0,1.0,1.0,2.0,3.0,1.0,10.0,5.0,3.0,3.0,1.0,1.0,2.0,8.0,3.0,4.0,1.0,1.0,1.0,1.0,1.0,1.0,1.0,16.0,18.0,1.0,1.0,2.0,1.0,1.0,1.0,,,,,,,,,,,,,,
0,334871,66,-27,96,20,20,0,15,0,7,83,2,4,3,10,1,10,1,11,2,1,80,23,27,1,4,17,1,1,18,1,1,7,4,88,3,35,117,6,2,7,83,1,113,28,1,334855,5,203,134,8,5,169,4667,1485,1,21,50,78,5,145,12,3,2,9,7,770,78,1,163,3,45,2,8,6,41,238,84,1,4,2,7,536,2,5,4,60,3,588,8,2,4,108,1,11,18,10,3,19419,3,4,1,22,120,4,7,2,6,6,578,2,10531,125,3,3,144,6,12,64,204323,86,5,28,4,39,2,0,81,26,3,24,10808,48,64,3,1,9,8,36,3025,10,1,8,1886,39,125,4,169,1,7,4,64,6,2174,3,8,2,3,22,7,115,274,17,3,3,5943,9,3,4,372,21,2422364,130,44,1,85,1,14,5,1,4,4,2,45,1,4,3,118,644,2.0,1.0,1.0,41.0,1.0,2.0,2.0,1.0,1.0,2.0,46.0,3.0,1.0,1.0,75.0,27.0,6.0,47.0,66.0,2.0,3.0,2.0,4.0,1.0,2.0,1.0,7.0,7.0,52.0,7.0,1.0,42.0,11.0,2.0,1.0,4.0,1.0,9.0,1.0,1.0,1.0,1.0,1.0,3.0,2.0,1.0,1.0,2.0,3.0,1.0,10.0,5.0,3.0,3.0,1.0,1.0,2.0,8.0,3.0,4.0,1.0,1.0,1.0,1.0,1.0,1.0,1.0,16.0,18.0,1.0,1.0,2.0,1.0,1.0,1.0,,,,,,,,,,,,,,
0,336945,66,-32,95,20,20,0,15,0,3,83,2,4,3,10,1,10,1,11,2,1,80,23,27,1,4,17,1,1,18,1,1,7,4,88,3,35,117,6,2,7,83,1,113,28,1,336929,5,203,134,8,5,169,4667,1485,1,21,50,78,5,145,12,3,2,9,7,785,78,1,163,3,47,2,8,6,41,238,84,1,4,2,7,536,2,5,4,60,3,588,8,2,4,108,1,11,18,10,3,19419,3,4,1,22,120,4,7,2,6,6,593,2,10531,138,3,3,144,6,12,64,206397,86,5,28,4,39,2,0,81,26,3,24,10808,48,64,3,1,9,8,36,3025,10,1,8,1898,39,125,4,169,1,7,4,64,6,2174,3,8,2,3,22,7,115,274,17,3,3,5943,9,3,4,372,21,2439338,130,44,1,85,1,14,5,1,4,4,2,45,1,4,3,118,659,2.0,1.0,1.0,41.0,1.0,2.0,2.0,1.0,1.0,2.0,46.0,3.0,1.0,1.0,75.0,27.0,6.0,47.0,66.0,2.0,3.0,2.0,4.0,1.0,2.0,1.0,7.0,7.0,52.0,7.0,1.0,42.0,11.0,2.0,1.0,4.0,1.0,9.0,1.0,1.0,1.0,1.0,1.0,3.0,2.0,1.0,1.0,2.0,3.0,1.0,10.0,5.0,3.0,3.0,1.0,1.0,2.0,8.0,3.0,4.0,1.0,1.0,1.0,1.0,1.0,1.0,1.0,16.0,18.0,1.0,1.0,2.0,1.0,1.0,1.0,,,,,,,,,,,,,,
0,338471,68,-23,95,20,20,0,15,0,6,83,2,4,3,10,1,10,1,11,2,1,80,23,28,1,4,17,1,1,18,1,1,7,4,88,3,35,117,6,2,7,83,1,113,28,1,338455,5,203,134,8,5,169,4667,1485,1,21,50,78,5,145,12,3,2,9,7,788,78,1,163,3,47,2,8,6,41,238,84,1,4,2,7,536,2,5,4,60,3,588,8,2,4,108,1,11,18,11,3,19419,3,4,1,22,122,4,7,2,6,6,595,2,10531,138,3,3,144,6,12,64,207923,86,5,28,4,39,2,0,81,26,3,24,10808,48,64,3,1,9,8,36,3025,10,3,8,1901,39,125,4,169,1,7,4,64,6,2174,3,8,2,3,22,7,115,274,17,3,3,5943,9,3,4,372,21,2451019,130,44,1,85,1,14,5,1,4,4,2,45,1,4,3,118,660,2.0,1.0,1.0,41.0,1.0,2.0,2.0,1.0,1.0,2.0,46.0,3.0,1.0,1.0,75.0,27.0,6.0,47.0,66.0,2.0,3.0,2.0,4.0,1.0,2.0,1.0,7.0,7.0,52.0,7.0,1.0,42.0,11.0,2.0,1.0,4.0,1.0,9.0,1.0,1.0,1.0,1.0,1.0,3.0,2.0,1.0,1.0,2.0,3.0,1.0,10.0,5.0,3.0,3.0,1.0,1.0,2.0,8.0,3.0,4.0,1.0,1.0,1.0,1.0,1.0,1.0,1.0,16.0,18.0,1.0,1.0,2.0,1.0,1.0,1.0,2.0,,,,,,,,,,,,,
0,340271,66,-27,95,20,19,0,15,0,7,83,2,4,3,10,1,10,1,11,2,1,80,23,28,1,4,17,1,1,18,1,1,7,4,88,3,35,117,6,2,7,83,1,113,28,1,340255,5,203,135,8,5,169,5002,1485,1,21,50,78,5,145,12,3,2,9,7,788,78,1,163,3,47,2,8,6,41,238,84,1,4,2,7,536,2,5,4,60,3,588,8,2,4,108,1,11,18,11,3,19473,3,4,1,22,122,4,7,2,6,6,595,2,10531,138,3,3,144,6,12,64,209723,86,5,28,4,39,2,0,81,26,3,24,10808,48,64,3,1,9,8,36,3025,10,3,8,1911,39,125,4,169,1,7,4,64,6,2184,3,8,2,3,22,7,115,274,17,3,3,5943,9,3,4,372,21,2469697,130,44,1,85,1,14,5,1,4,4,2,45,1,4,3,118,660,2.0,1.0,1.0,41.0,1.0,2.0,2.0,1.0,1.0,2.0,46.0,3.0,1.0,1.0,75.0,27.0,6.0,47.0,66.0,2.0,3.0,2.0,4.0,1.0,2.0,1.0,7.0,7.0,52.0,7.0,1.0,42.0,11.0,2.0,1.0,4.0,1.0,9.0,1.0,1.0,1.0,1.0,1.0,3.0,2.0,1.0,1.0,2.0,3.0,1.0,10.0,5.0,3.0,3.0,1.0,1.0,2.0,8.0,3.0,4.0,1.0,1.0,1.0,1.0,1.0,1.0,1.0,16.0,18.0,1.0,1.0,2.0,1.0,1.0,1.0,2.0,,,,,,,,,,,,,
0,342071,68,-24,95,20,17,0,15,0,1,83,2,4,3,10,1,10,1,11,2,1,80,23,28,1,4,17,1,1,18,1,1,7,4,88,3,36,117,6,2,7,83,1,113,28,1,342055,5,203,136,8,5,169,5337,1485,1,21,50,78,5,145,12,3,2,9,7,794,78,1,163,3,47,2,8,6,41,238,84,1,4,2,7,536,2,5,4,60,3,588,8,2,4,108,1,11,18,11,3,19473,3,4,1,22,122,4,7,2,6,6,601,2,10558,138,3,3,144,6,12,64,211523,86,5,28,4,39,2,0,81,28,3,25,10808,48,64,3,1,9,8,36,3025,10,3,8,1928,39,125,4,169,1,7,4,64,6,2194,3,8,2,3,22,7,115,274,17,3,3,5943,9,3,4,372,21,2479075,130,44,1,85,1,14,5,1,4,4,2,45,1,4,3,118,666,2.0,1.0,1.0,41.0,1.0,2.0,2.0,1.0,1.0,2.0,46.0,3.0,1.0,1.0,75.0,27.0,6.0,47.0,66.0,2.0,3.0,2.0,4.0,1.0,2.0,1.0,7.0,7.0,52.0,7.0,1.0,42.0,11.0,2.0,1.0,4.0,1.0,9.0,1.0,1.0,1.0,1.0,1.0,3.0,2.0,1.0,1.0,2.0,3.0,1.0,10.0,5.0,3.0,3.0,1.0,1.0,2.0,8.0,3.0,4.0,1.0,1.0,1.0,1.0,1.0,1.0,1.0,16.0,18.0,1.0,1.0,2.0,1.0,1.0,1.0,2.0,,,,,,,,,,,,,
0,343871,67,-24,95,20,17,0,15,0,3,83,2,4,3,10,1,10,1,11,2,1,80,23,28,1,4,17,1,1,18,1,1,7,4,88,3,36,117,6,2,7,83,1,113,28,1,343855,5,203,136,8,5,169,5337,1489,1,21,50,79,5,145,12,3,2,9,7,799,78,1,163,3,47,2,8,6,41,238,84,1,4,2,7,536,2,5,4,60,3,642,8,2,4,108,1,11,18,11,3,19473,3,4,1,22,123,4,7,2,7,6,609,2,10584,138,3,3,144,6,12,64,213323,86,5,28,4,39,2,0,81,28,3,25,10808,48,64,3,1,9,8,36,3025,10,3,8,1938,39,125,4,169,1,7,4,64,6,2194,3,8,2,3,22,7,115,274,17,3,3,5943,9,3,4,372,21,2485541,130,44,1,89,1,14,5,1,4,4,2,45,1,4,3,118,672,2.0,1.0,1.0,41.0,1.0,2.0,2.0,1.0,1.0,2.0,46.0,3.0,1.0,1.0,75.0,27.0,6.0,47.0,66.0,2.0,3.0,2.0,4.0,1.0,2.0,1.0,7.0,7.0,52.0,7.0,1.0,42.0,11.0,2.0,1.0,4.0,1.0,9.0,1.0,1.0,1.0,1.0,1.0,3.0,2.0,1.0,1.0,2.0,3.0,1.0,10.0,5.0,3.0,3.0,1.0,1.0,2.0,8.0,3.0,4.0,1.0,1.0,1.0,1.0,1.0,1.0,1.0,16.0,18.0,1.0,1.0,2.0,1.0,1.0,1.0,2.0,,,,,,,,,,,,,
0,345671,66,-28,97,20,17,0,15,0,3,83,2,4,3,10,1,10,1,11,2,1,80,23,28,1,4,17,1,1,18,1,1,7,4,88,3,36,117,6,2,7,83,1,113,28,1,345655,5,203,136,8,5,169,5337,1489,1,21,50,79,5,145,12,3,2,9,7,801,78,1,163,3,47,2,8,6,41,238,84,1,4,2,7,536,2,5,4,60,3,642,8,2,4,108,1,11,18,11,3,19473,3,4,1,22,125,4,7,2,7,6,609,2,10584,144,3,3,144,6,12,64,215123,86,5,28,4,39,2,0,81,28,3,25,10808,48,64,3,1,9,8,36,3025,10,3,8,1942,39,125,4,169,1,7,4,64,6,2194,3,8,2,3,22,7,115,274,17,3,3,5943,9,3,4,372,21,2488392,130,44,1,91,1,14,5,1,4,4,2,45,1,4,3,118,674,2.0,1.0,1.0,41.0,1.0,2.0,2.0,1.0,1.0,2.0,46.0,3.0,1.0,1.0,75.0,27.0,6.0,47.0,66.0,2.0,3.0,2.0,4.0,1.0,2.0,1.0,7.0,7.0,52.0,7.0,1.0,42.0,11.0,2.0,1.0,4.0,1.0,9.0,1.0,1.0,1.0,1.0,1.0,3.0,2.0,1.0,1.0,2.0,3.0,1.0,10.0,5.0,3.0,3.0,1.0,1.0,2.0,8.0,3.0,4.0,1.0,1.0,1.0,1.0,1.0,1.0,1.0,16.0,18.0,1.0,1.0,2.0,1.0,1.0,1.0,2.0,,,,,,,,,,,,,
0,347100,66,-30,96,20,20,12,15,0,7,83,2,4,3,10,1,10,1,11,2,1,80,23,28,1,4,17,1,1,18,1,1,7,4,88,3,36,117,6,2,7,83,1,113,28,1,347084,5,203,136,8,5,169,5337,1489,1,21,50,79,5,145,12,3,2,9,7,801,78,1,163,3,47,2,8,6,41,238,84,1,4,2,7,536,2,5,4,60,3,642,8,2,4,108,1,11,18,11,3,19473,3,4,1,22,125,4,7,2,7,6,609,2,10584,144,3,3,144,6,12,64,216552,86,5,28,5,39,2,0,81,28,3,25,10808,48,64,3,1,9,8,36,3025,10,3,8,1942,39,125,4,169,1,7,4,64,6,2194,3,8,2,3,22,7,115,274,17,3,3,5943,9,3,4,372,21,2509964,130,44,1,91,1,14,5,1,4,4,2,45,1,4,3,118,674,2.0,1.0,1.0,41.0,1.0,2.0,2.0,1.0,1.0,2.0,46.0,3.0,1.0,1.0,75.0,27.0,6.0,47.0,66.0,2.0,3.0,2.0,4.0,1.0,2.0,1.0,7.0,7.0,52.0,7.0,1.0,42.0,11.0,2.0,1.0,4.0,1.0,9.0,1.0,1.0,1.0,1.0,1.0,3.0,2.0,1.0,1.0,2.0,3.0,1.0,10.0,5.0,3.0,3.0,1.0,1.0,2.0,8.0,3.0,4.0,1.0,1.0,1.0,1.0,1.0,1.0,1.0,16.0,18.0,1.0,1.0,2.0,1.0,1.0,1.0,2.0,,,,,,,,,,,,,
0,348717,66,-29,90,20,20,6,16,0,4,83,2,4,3,10,1,11,1,11,2,1,80,23,28,1,4,17,1,1,18,1,1,7,4,88,3,36,117,6,2,7,83,1,113,28,1,348701,5,203,137,8,5,169,5337,1489,1,21,50,79,5,145,12,3,2,9,7,801,78,1,163,3,47,2,8,6,41,238,84,1,4,2,7,536,2,5,4,60,3,642,8,2,4,108,1,11,18,11,3,19473,3,4,1,22,125,4,7,2,7,6,609,2,10772,144,3,3,144,6,12,64,218169,86,5,28,6,39,2,0,81,28,3,25,10808,48,64,3,1,9,10,36,3025,10,3,8,1946,39,125,4,169,1,7,4,64,6,2322,3,8,2,3,22,7,115,274,19,3,3,6486,9,3,4,372,21,2524416,130,44,1,91,1,14,5,1,4,4,2,48,1,4,3,118,674,2.0,1.0,1.0,41.0,1.0,2.0,2.0,1.0,1.0,2.0,46.0,3.0,1.0,1.0,75.0,27.0,6.0,47.0,66.0,2.0,3.0,2.0,4.0,1.0,2.0,1.0,7.0,7.0,64.0,7.0,1.0,42.0,11.0,2.0,1.0,4.0,1.0,9.0,1.0,1.0,1.0,2.0,1.0,3.0,2.0,1.0,1.0,2.0,3.0,1.0,10.0,5.0,3.0,3.0,1.0,1.0,2.0,8.0,3.0,4.0,1.0,1.0,1.0,1.0,1.0,1.0,1.0,16.0,18.0,1.0,1.0,2.0,1.0,1.0,1.0,2.0,1.0,1.0,,,,,,,,,,,
0,350171,64,-10,78,20,20,6,17,0,0,83,2,4,3,10,1,11,1,11,2,1,80,23,28,1,4,17,1,1,18,1,1,7,4,88,3,36,117,6,2,7,83,1,113,28,1,350155,5,203,137,8,5,169,5337,1489,1,21,50,79,5,145,12,3,2,9,7,801,78,1,163,3,47,2,8,6,41,238,84,1,4,2,7,536,2,5,4,60,3,642,8,2,4,108,1,11,18,11,3,19473,3,4,1,22,125,4,7,2,7,6,609,2,10824,144,3,3,144,6,12,64,219623,86,5,28,6,39,2,0,81,28,3,25,10808,48,64,3,1,9,13,36,3025,10,3,8,1952,39,125,4,169,1,7,4,64,6,2322,3,8,2,3,22,7,115,274,22,3,3,7086,10,3,4,372,21,2534085,130,44,1,91,1,14,5,1,4,4,2,51,1,4,3,118,674,2.0,1.0,1.0,41.0,1.0,2.0,2.0,1.0,1.0,2.0,46.0,3.0,1.0,1.0,75.0,27.0,6.0,47.0,66.0,2.0,3.0,2.0,4.0,1.0,2.0,1.0,7.0,7.0,76.0,7.0,1.0,42.0,11.0,2.0,1.0,4.0,1.0,9.0,1.0,2.0,1.0,2.0,1.0,3.0,2.0,1.0,1.0,2.0,3.0,1.0,10.0,5.0,3.0,3.0,1.0,1.0,2.0,8.0,3.0,4.0,1.0,1.0,1.0,1.0,1.0,3.0,1.0,16.0,18.0,1.0,1.0,2.0,1.0,1.0,1.0,2.0,1.0,1.0,,,,,,,,,,,
0,351971,67,-98,-4,20,20,1,17,0,4,83,2,4,3,10,1,11,1,11,2,1,80,23,28,1,4,17,1,1,18,1,1,7,4,88,3,36,117,6,2,7,83,1,113,28,1,351955,5,203,137,8,5,169,5337,1489,1,21,50,79,5,145,12,3,2,9,7,801,78,1,163,3,47,2,8,6,41,238,84,1,4,2,7,536,2,5,4,60,3,642,8,2,4,108,1,13,18,11,3,19473,3,4,1,22,125,4,7,2,7,6,609,2,10986,144,3,3,144,6,12,64,221423,86,5,28,6,39,2,0,81,28,3,25,10808,48,64,3,1,9,13,36,3025,10,3,8,1964,39,126,5,169,1,7,4,64,6,2360,3,8,2,3,22,7,115,274,23,3,3,7646,10,3,4,373,21,2557535,135,44,1,91,1,14,6,1,4,4,3,54,1,4,3,118,674,2.0,1.0,1.0,41.0,1.0,2.0,2.0,1.0,1.0,3.0,46.0,5.0,1.0,1.0,75.0,27.0,6.0,47.0,66.0,2.0,3.0,2.0,4.0,1.0,2.0,1.0,7.0,7.0,87.0,7.0,1.0,42.0,11.0,2.0,1.0,4.0,1.0,9.0,1.0,2.0,1.0,2.0,1.0,3.0,2.0,1.0,1.0,2.0,3.0,1.0,10.0,5.0,3.0,3.0,1.0,1.0,2.0,8.0,3.0,4.0,1.0,1.0,1.0,1.0,1.0,3.0,1.0,16.0,18.0,1.0,1.0,2.0,1.0,1.0,1.0,2.0,1.0,1.0,1.0,1.0,9.0,,,,,,,,
0,353771,66,-29,95,20,20,0,17,0,4,83,2,4,3,10,1,11,1,11,2,1,80,23,28,1,4,17,1,1,18,1,1,7,4,88,3,36,117,6,2,7,102,1,113,28,1,353755,5,203,138,8,5,169,5337,1489,1,21,50,79,5,145,12,3,2,9,7,801,78,1,163,3,47,2,8,6,41,238,84,1,4,2,7,536,2,5,4,60,3,642,8,2,4,108,1,13,18,11,3,19473,3,4,1,22,125,4,7,2,7,6,609,2,11086,144,3,3,144,6,12,64,223223,86,5,28,6,39,2,0,81,28,3,25,10923,48,64,3,1,9,13,36,3025,10,3,8,1990,39,126,5,169,1,7,4,64,6,2360,3,11,2,3,22,7,115,274,23,3,3,7726,10,3,4,373,21,2575785,135,44,1,91,1,14,6,1,4,4,3,55,1,4,3,118,674,2.0,1.0,1.0,41.0,1.0,2.0,2.0,1.0,1.0,3.0,46.0,5.0,1.0,1.0,75.0,27.0,6.0,47.0,66.0,2.0,3.0,2.0,4.0,1.0,2.0,1.0,7.0,7.0,89.0,7.0,1.0,42.0,11.0,2.0,1.0,4.0,1.0,9.0,1.0,2.0,1.0,2.0,1.0,3.0,2.0,1.0,1.0,2.0,3.0,1.0,10.0,5.0,3.0,3.0,1.0,1.0,2.0,8.0,3.0,4.0,1.0,1.0,1.0,1.0,1.0,3.0,1.0,16.0,18.0,1.0,1.0,3.0,1.0,1.0,1.0,2.0,1.0,1.0,1.0,1.0,9.0,5.0,,,,,,,
0,355499,66,-30,96,20,20,0,17,0,2,83,2,4,3,10,1,11,1,11,2,1,80,23,28,1,4,17,1,1,18,1,1,7,4,88,3,36,117,6,2,7,102,1,113,28,1,355483,5,203,141,8,5,169,5337,1489,1,21,50,79,5,145,12,3,2,9,7,801,78,1,164,3,47,2,8,6,41,238,84,1,4,2,7,536,2,5,4,60,3,642,8,2,4,108,1,13,18,11,3,19473,3,4,1,22,125,4,7,2,7,6,609,2,11086,144,3,3,144,6,12,64,224951,86,5,28,6,39,2,0,81,28,3,25,10923,48,64,3,1,9,13,36,3025,10,3,8,2002,39,126,5,169,1,7,4,64,6,2360,3,11,2,3,22,7,115,274,23,3,3,7726,10,3,4,373,21,2584252,135,44,1,91,1,14,6,1,4,4,3,55,1,4,3,118,674,2.0,1.0,1.0,41.0,1.0,2.0,2.0,1.0,1.0,3.0,46.0,5.0,1.0,1.0,75.0,27.0,6.0,47.0,66.0,2.0,3.0,2.0,4.0,1.0,2.0,1.0,7.0,7.0,89.0,7.0,1.0,42.0,11.0,2.0,1.0,5.0,1.0,9.0,1.0,2.0,1.0,2.0,1.0,3.0,2.0,1.0,1.0,2.0,3.0,1.0,10.0,5.0,3.0,3.0,1.0,1.0,2.0,8.0,3.0,4.0,1.0,1.0,1.0,1.0,1.0,3.0,1.0,16.0,18.0,1.0,1.0,3.0,1.0,1.0,1.0,2.0,1.0,1.0,1.0,1.0,9.0,5.0,1.0,1.0,,,,,
0,357371,6,-83,87,20,20,0,17,0,1,83,2,4,3,10,1,11,1,11,2,1,80,23,28,1,4,17,1,1,18,1,1,7,4,88,3,36,117,6,2,7,102,1,113,28,1,357355,5,203,142,8,5,169,5337,1489,1,21,50,79,5,145,12,3,2,9,7,803,78,1,164,3,47,2,8,6,41,238,84,1,4,2,7,536,2,5,4,60,3,642,8,2,4,108,1,13,18,11,3,19473,3,4,1,22,125,4,7,2,7,6,609,2,11086,144,3,3,144,6,12,64,226823,86,5,28,6,39,2,0,81,28,3,25,10923,48,64,3,1,9,13,36,3025,10,3,8,2004,39,126,5,169,1,7,4,64,6,2360,3,11,2,3,22,7,115,274,23,3,3,7726,10,3,4,373,21,2605328,135,44,1,91,1,14,6,1,4,4,3,55,1,4,3,118,676,2.0,1.0,1.0,41.0,1.0,2.0,2.0,1.0,1.0,3.0,46.0,5.0,1.0,1.0,75.0,27.0,6.0,47.0,66.0,2.0,3.0,2.0,4.0,1.0,2.0,1.0,7.0,7.0,89.0,7.0,1.0,42.0,11.0,2.0,1.0,5.0,1.0,9.0,1.0,2.0,1.0,2.0,1.0,3.0,2.0,1.0,1.0,2.0,3.0,1.0,10.0,5.0,3.0,3.0,1.0,1.0,2.0,8.0,3.0,4.0,1.0,1.0,1.0,1.0,1.0,3.0,1.0,16.0,18.0,1.0,1.0,3.0,1.0,1.0,1.0,2.0,1.0,1.0,1.0,1.0,9.0,5.0,1.0,1.0,,,,,
0,359171,7,-85,129,20,20,0,17,0,1,83,2,4,3,10,1,11,1,11,2,1,80,23,28,1,4,17,1,1,18,1,1,7,4,88,3,36,117,6,2,7,102,1,113,28,1,359155,5,203,142,8,5,169,5337,1489,1,21,50,79,5,145,12,3,2,9,7,878,78,1,174,3,47,2,8,6,41,238,84,1,4,2,7,536,2,5,4,60,3,642,8,2,4,108,1,13,18,11,3,19473,3,4,1,22,125,4,7,2,7,6,664,2,11086,144,3,3,144,6,12,64,228623,86,5,28,6,39,2,0,82,28,3,25,10923,48,64,3,1,9,13,36,3025,10,3,8,2009,39,126,5,179,1,7,4,64,6,2360,3,11,2,3,22,7,115,274,23,3,3,7726,10,3,4,373,21,2611400,135,44,1,100,1,14,6,1,4,4,3,55,1,4,3,118,741,2.0,1.0,1.0,41.0,1.0,2.0,2.0,1.0,1.0,3.0,46.0,5.0,1.0,1.0,75.0,27.0,6.0,47.0,66.0,2.0,3.0,2.0,4.0,1.0,2.0,1.0,7.0,7.0,89.0,7.0,1.0,42.0,11.0,2.0,1.0,5.0,1.0,9.0,1.0,2.0,1.0,2.0,1.0,3.0,2.0,1.0,1.0,2.0,3.0,1.0,10.0,5.0,3.0,3.0,1.0,1.0,2.0,8.0,3.0,4.0,1.0,1.0,1.0,1.0,1.0,3.0,1.0,16.0,18.0,1.0,1.0,3.0,1.0,1.0,1.0,2.0,1.0,1.0,1.0,1.0,9.0,5.0,1.0,1.0,10.0,10.0,,,
0,360971,38,-30,87,20,19,0,17,0,0,83,2,5,3,10,1,11,1,11,2,1,80,23,28,1,4,17,1,1,18,1,1,7,4,88,3,36,117,6,2,7,102,1,113,28,1,360955,5,203,142,11,5,169,5337,1489,1,21,50,79,5,145,12,3,2,9,7,899,78,1,174,3,47,2,8,6,41,238,84,1,4,2,7,536,2,5,4,60,3,642,8,2,4,108,1,13,18,11,3,19473,3,4,1,22,125,4,7,2,7,6,677,2,11086,144,3,3,144,6,12,72,230423,86,5,28,6,39,2,0,83,28,3,25,10923,48,64,3,1,9,13,36,3025,10,3,8,2058,39,126,5,179,1,7,4,72,6,2360,3,11,2,3,22,7,115,274,23,3,3,7726,10,3,4,373,21,2626852,135,44,1,100,1,14,6,1,4,4,3,55,1,5,3,118,753,2.0,1.0,1.0,41.0,1.0,2.0,2.0,1.0,1.0,3.0,46.0,5.0,1.0,1.0,81.0,27.0,6.0,47.0,66.0,2.0,3.0,2.0,4.0,1.0,2.0,1.0,7.0,7.0,89.0,7.0,1.0,42.0,11.0,2.0,1.0,5.0,1.0,9.0,1.0,2.0,1.0,2.0,1.0,3.0,2.0,1.0,1.0,2.0,3.0,1.0,10.0,5.0,3.0,3.0,1.0,1.0,2.0,8.0,3.0,4.0,1.0,1.0,1.0,1.0,1.0,3.0,1.0,16.0,18.0,1.0,1.0,3.0,1.0,1.0,1.0,2.0,1.0,1.0,1.0,1.0,9.0,5.0,1.0,1.0,10.0,10.0,6.0,6.0,
0,362771,66,-30,91,20,19,0,17,0,0,83,2,5,3,10,1,11,1,11,2,1,80,23,28,1,4,17,1,1,18,1,1,7,4,90,3,36,117,6,2,7,102,1,113,28,1,362755,5,203,142,11,5,169,5337,1489,1,21,50,79,5,145,12,3,2,9,7,899,78,1,174,3,47,2,8,6,41,238,84,1,4,2,7,536,2,5,4,60,3,642,8,2,4,108,1,13,18,11,3,19473,3,4,1,22,125,4,7,2,7,6,677,2,11112,144,3,3,144,6,12,72,232223,86,5,28,6,39,2,0,83,28,3,25,10923,48,64,3,1,9,13,36,3025,10,3,8,2116,39,126,5,179,1,7,4,72,6,2360,3,11,2,3,22,7,115,274,23,3,3,7926,10,3,4,373,21,2645246,135,44,1,100,1,14,6,1,4,4,3,56,1,5,3,118,753,2.0,1.0,1.0,41.0,1.0,2.0,2.0,1.0,1.0,4.0,46.0,6.0,1.0,1.0,81.0,27.0,6.0,47.0,66.0,2.0,3.0,2.0,4.0,1.0,2.0,1.0,7.0,7.0,92.0,7.0,1.0,42.0,11.0,2.0,1.0,5.0,1.0,9.0,1.0,2.0,1.0,2.0,1.0,3.0,2.0,1.0,1.0,2.0,3.0,1.0,10.0,5.0,3.0,3.0,1.0,1.0,2.0,8.0,3.0,4.0,1.0,1.0,1.0,1.0,1.0,3.0,1.0,16.0,18.0,1.0,1.0,3.0,1.0,1.0,1.0,2.0,1.0,1.0,1.0,1.0,9.0,5.0,1.0,1.0,10.0,10.0,6.0,6.0,
0,364571,68,-16,96,20,18,0,18,0,0,83,2,5,3,10,1,11,1,11,2,1,80,23,28,1,4,17,1,1,18,1,1,7,4,94,3,36,117,6,2,7,102,1,113,28,1,364555,5,203,146,11,5,169,5337,1489,1,21,64,80,5,145,12,3,2,9,7,899,78,1,174,3,47,2,8,6,41,238,84,1,4,2,7,536,2,5,4,60,3,642,8,2,4,108,1,13,18,11,3,19473,3,4,1,22,125,4,7,2,7,6,677,2,11112,144,3,3,144,6,12,72,234023,86,5,28,6,39,2,0,83,28,3,25,10923,48,64,3,1,9,13,45,3025,10,3,8,2118,39,126,5,179,1,7,4,72,6,2360,3,11,2,3,22,7,115,274,23,3,3,8126,10,3,4,373,21,2652433,135,44,1,100,1,14,6,1,4,4,3,57,1,5,3,118,753,2.0,1.0,1.0,41.0,1.0,2.0,2.0,1.0,1.0,5.0,46.0,6.0,1.0,1.0,81.0,27.0,6.0,47.0,66.0,2.0,3.0,2.0,4.0,1.0,2.0,1.0,7.0,7.0,96.0,7.0,1.0,42.0,11.0,2.0,1.0,5.0,1.0,9.0,1.0,2.0,1.0,2.0,1.0,3.0,2.0,1.0,1.0,2.0,3.0,1.0,10.0,5.0,3.0,3.0,1.0,1.0,2.0,8.0,3.0,4.0,1.0,1.0,1.0,1.0,1.0,3.0,1.0,16.0,18.0,1.0,1.0,3.0,1.0,1.0,1.0,2.0,1.0,1.0,1.0,1.0,9.0,5.0,1.0,1.0,10.0,10.0,6.0,6.0,6.0
